location,current_basis,current_quantizer,pathology,rotation_candidate,scale_candidate,inverse_fold_location,fp_preserving,extra_weight_view,class,proxy_improvement,validation_al_improvement,verdict
"target H_i (S1, five sources)",R1_T rotated (deployed),target-side per-token A4 + online R4 had,mild after R1_T/R2_T (model-local closure works; T-PPL 8.79 vs RTN 189.9),I1 R1_T/R2_T (already mandatory),none,target weights (SpinQuant standard),yes,no,F1,T-PPL gate C,covered by P1,KEEP standard SpinQuant; nothing extra
W_c input (20480 concat),R1_T rotated per branch,per-token A4 over concat; P2 = per-branch scales,cross-source weight-RMS imbalance 2.33x; branch outliers; fc AW NMSE 0.053,"I1 fold_wc(R1_T) (mandatory correctness, P6: +0.60 AL)",P2 granularity (F1; MP3 is gauge-redundant UNDER P2),fc weight columns,yes,no,F1,fc AW 0.0532->0.0505 (P2),"P2 alone -0.114 (hurts); P2 on top of R_C +0.18~+0.52 (P3, 4-ds sig)","SCALE (P2) inserted HERE, but only jointly with H_t R_C"
W_c weight,stock / R1_T-folded,per-row sym W4 RTN,"none (kurt 3-5, RTN NMSE 0.047 folded; MSE-clip lower)",I0,I0,-,-,no,NF,-,-,no intervention
Z_t (pre-norm fc output),draft internal,none (never quantized),"extreme stats (kurt 635, absmax 1444) but not a quant interface",none applicable,none,-,-,-,NF,-,-,no intervention (diagnostic only)
H_t (ctx K/V input; THE bottleneck),draft hidden (post bare-RMS),per-token A4 (ctx_a_bits),"kurt 180-210, A4 NMSE 0.45, entropy 1.9/4bit AFTER complete vanilla SQ; fc fold algebraically cancels R1_T (outside model-local closure)",I1 R_C=R1_T reuse (winner); I4 learned R_C ~equal (diagnostic R4),I5 global: bit-exact gauge (closed); I7 per-channel: proxy WORSE all alpha; I6: undefined (no branch structure),ctx K/V weight views (wk_ctx/wv_ctx @ R_C),yes (verified),"yes (ctx-specific gamma views, mandatory)",F2 (architecture-specific),A4 NMSE 0.45->0.018; kurt 195->2.9,"+1.20~+1.53 AL (P4a, 4-ds sig; largest single lever)",ROTATION inserted HERE (R_C) — the core DFlash-specific correction
draft Q/K/V/O + MLP inputs (noise side),R1_D/R2_D rotated,per-token A4 + per-row W4,small-moderate (AW 0.02-0.18); V-class most sensitive (only-V CE +1.77); no weight-side pathology (92 views benign); Tier-1 compensatory alignment present,R1_D/R2_D (Gate E: CE 4.47 vs random 4.83); G1 (:=R1_T) sig worse,none beneficial,draft weight views,yes,no,F1,block CE 7.06->4.35 (rotations) / ->2.39 (Q5 QAT),"QAT +0.26 val, +0.09~+0.24 test (P5, 4-ds sig) — weight ADAPTATION, not a new transform",no new rotation/scale; QAT weight adaptation validated (M6)
stored ctx K cache,post k_norm + RoPE,none (bf16 cache; KV4/8 diagnostic),"benign (kurt 4-11; KV4 NMSE 0.013-0.020, KV8 ~5e-5); R_C changes it marginally (projection-accuracy fix, not distribution fix)",none needed,none,-,-,-,F0 (future KV4 opportunity),KV4 NMSE ~0.02,not preregistered,no intervention; cache quantization is a viable FUTURE direction
stored ctx V cache,raw projection output,none (bf16),benign (kurt 3.6-5.0; KV4 NMSE ~0.010),none,none,-,-,-,F0,KV4 NMSE ~0.01,-,no intervention
draft-token K/V (transient),R1_D basis,none stored (crop() discards each cycle),not persisted — mislabeling as cache would be wrong (model.py:120),-,-,-,-,-,NF,-,-,no intervention (transient)
