tag,target,dataset,prompt_id,acceptance_list,n_cycles,gen_seconds
CSEL_CAN_P2_B_survival_s2_st3000,int4,c4,c4_val_802,"[6, 2, 4, 3, 1, 4, 4, 4, 1, 4, 3, 1, 1, 2, 6, 5, 2, 4, 6, 6, 2, 5, 4, 3, 2, 1, 3, 3, 3, 2, 4, 4, 3, 2, 3, 3, 4, 1, 2, 3, 3]",41,7.786
CSEL_CAN_P2_B_survival_s2_st3000,int4,c4,c4_val_803,"[1, 2, 3, 1, 2, 5, 4, 2, 1, 5, 3, 3, 3, 1, 3, 2, 1, 2, 3, 2, 2, 4, 3, 2, 3, 4, 4, 1, 5, 2, 3, 4, 4, 4, 2, 1, 3, 4, 4, 3, 4, 4, 2, 2, 2, 4]",46,10.14
CSEL_CAN_P2_B_survival_s2_st3000,int4,c4,c4_val_804,"[6, 3, 3, 2, 4, 5, 1, 1, 4, 4, 3, 4, 3, 2, 4, 6, 4, 3, 2, 2, 1, 2, 4, 3, 3, 1, 2, 4, 5, 1, 1, 1, 1, 2, 4, 6, 3, 4, 2, 1, 2, 2, 5, 3]",44,8.575
CSEL_CAN_P2_B_survival_s2_st3000,int4,c4,c4_val_807,"[5, 2, 4, 3, 4, 2, 6, 6, 4, 6, 2, 6, 3, 3, 3, 4, 4, 3, 4, 4, 2, 3, 1, 2, 2, 3, 2, 1, 2, 3, 4, 2, 3, 4, 4, 4, 6, 4]",38,6.825
CSEL_CAN_P2_B_survival_s2_st3000,int4,c4,c4_val_808,"[3, 3, 3, 4, 3, 3, 2, 3, 2, 3, 4, 3, 1, 4, 1, 1, 3, 3, 4, 2, 4, 1, 3, 4, 1, 2, 4, 4, 4, 3, 2, 3, 2, 3, 3, 3, 2, 2, 2, 3, 4, 2, 2, 3, 2, 3, 4]",47,6.953
CSEL_CAN_P2_B_survival_s2_st3000,int4,c4,c4_val_809,"[4, 5, 2, 1, 5, 2, 5, 3, 3, 4, 2, 6, 4, 6, 4, 4, 4, 3, 2, 4, 3, 3, 2, 1, 6, 2, 4, 1, 5, 1, 2, 2, 3, 3, 3, 2, 6, 2, 3, 4]",40,5.658
CSEL_CAN_P2_B_survival_s2_st3000,int4,c4,c4_val_812,"[2, 5, 6, 4, 1, 2, 1, 4, 1, 4, 4, 2, 6, 5, 3, 3, 2, 2, 6, 3, 5, 5, 4, 3, 5, 5, 6, 3]",28,4.059
CSEL_CAN_P2_B_survival_s2_st3000,int4,c4,c4_val_813,"[1, 1, 3, 3, 2, 3, 2, 1, 4, 3, 5, 3, 3, 2, 5, 4, 4, 2, 4, 3, 3, 1, 1, 6, 2, 1, 4, 1, 4, 4, 3, 1, 3, 5, 2, 3, 2, 4, 3, 6, 4, 4, 4]",43,8.391
CSEL_CAN_P2_B_survival_s2_st3000,int4,c4,c4_val_815,"[5, 4, 2, 6, 2, 1, 4, 6, 4, 4, 3, 2, 1, 4, 4, 1, 4, 3, 4, 3, 3, 2, 6, 3, 3, 3, 2, 2, 2, 1, 3, 1, 6, 3, 4, 1, 2, 3, 2, 4, 2, 3]",42,8.591
CSEL_CAN_P2_B_survival_s2_st3000,int4,c4,c4_val_817,"[4, 4, 3, 4, 2, 3, 4, 6, 3, 1, 6, 4, 4, 4, 4, 2, 4, 3, 2, 6, 4, 3, 4, 2, 2, 3, 5, 2, 4, 4, 2, 3, 2, 4, 6, 2, 2, 3]",38,8.297
CSEL_CAN_P2_B_survival_s2_st3000,int4,c4,c4_val_818,"[6, 3, 5, 4, 2, 4, 6, 6, 5, 6, 1, 2, 2, 2, 5, 2, 3, 3, 2, 3, 5, 3, 3, 4, 3, 2, 4, 6, 2, 1, 4, 4, 3, 2, 4, 4, 2]",37,7.482
CSEL_CAN_P2_B_survival_s2_st3000,int4,c4,c4_val_819,"[6, 3, 3, 3, 4, 2, 5, 6, 5, 5, 3, 4, 3, 3, 1, 2, 4, 2, 5, 4, 4, 4, 5, 4, 3, 4, 4, 3, 2, 5, 2, 4, 2, 4, 4, 2]",36,6.023
CSEL_CAN_P2_B_survival_s2_st3000,int4,c4,c4_val_822,"[4, 4, 6, 3, 2, 3, 4, 1, 5, 5, 1, 2, 2, 1, 2, 2, 1, 4, 1, 2, 1, 4, 2, 2, 1, 2, 3, 1, 1, 2, 3, 5, 3, 4, 1, 1, 2, 3, 1, 2, 2, 4, 4, 3, 3, 3, 4, 3, 4]",49,7.159
CSEL_CAN_P2_B_survival_s2_st3000,int4,c4,c4_val_823,"[6, 4, 2, 4, 6, 6, 6, 6, 6, 1, 3, 2, 5, 2, 4, 4, 2, 3, 2, 6, 3, 2, 2, 1, 6, 6, 2, 4, 2, 3, 4, 3, 1, 1, 3, 2, 4]",37,5.339
CSEL_CAN_P2_B_survival_s2_st3000,int4,c4,c4_val_824,"[6, 5, 3, 3, 2, 4, 6, 6, 4, 6, 4, 4, 6, 3, 5, 1, 4, 5, 4, 1, 4, 2, 4, 3, 4, 4, 1, 4, 4, 4, 4, 3, 3, 4]",34,5.9
CSEL_CAN_P2_B_survival_s2_st3000,int4,c4,c4_val_826,"[4, 4, 1, 3, 1, 2, 2, 6, 2, 3, 1, 2, 6, 4, 6, 4, 3, 2, 4, 2, 2, 2, 4, 3, 1, 4, 2, 4, 3, 1, 1, 3, 3, 2, 2, 2, 4, 2, 3, 2, 2, 5, 2, 6, 4]",45,10.338
CSEL_CAN_P2_B_survival_s2_st3000,int4,c4,c4_val_827,"[3, 6, 1, 2, 3, 3, 2, 5, 1, 1, 3, 3, 3, 2, 4, 4, 3, 2, 1, 2, 5, 2, 3, 2, 1, 1, 1, 4, 2, 6, 3, 2, 3, 6, 4, 4, 1, 6, 2, 3, 4, 2, 5, 1, 1]",45,10.273
CSEL_CAN_P2_B_survival_s2_st3000,int4,c4,c4_val_828,"[5, 6, 1, 3, 1, 1, 2, 3, 4, 3, 2, 2, 4, 1, 4, 3, 3, 1, 2, 1, 3, 3, 4, 3, 4, 4, 3, 3, 2, 4, 1, 4, 3, 2, 1, 2, 2, 2, 2, 2, 6, 4, 3, 2, 6, 4]",46,10.379
CSEL_CAN_P2_B_survival_s2_st3000,int4,c4,c4_val_829,"[6, 4, 1, 1, 3, 2, 1, 2, 5, 3, 6, 4, 5, 2, 2, 2, 1, 1, 5, 2, 2, 1, 3, 4, 4, 6, 3, 5, 2, 2, 2, 3, 1, 6, 2, 4, 4, 2, 3, 3, 2, 4, 1, 3]",44,9.935
CSEL_CAN_P2_B_survival_s2_st3000,int4,c4,c4_val_832,"[4, 4, 2, 2, 3, 4, 6, 6, 4, 6, 4, 2, 1, 4, 1, 2, 4, 2, 1, 4, 2, 3, 2, 3, 1, 1, 1, 3, 3, 1, 2, 1, 3, 3, 2, 2, 2, 2, 6, 4, 4, 3, 6, 2]",44,8.813
