prompt_id,turn,n_cycles,taus
0,0,412,"1;3;4;1;6;3;1;2;1;1;1;1;1;2;2;1;1;1;2;1;2;3;1;1;1;1;1;1;2;1;2;1;1;1;1;2;2;1;2;2;2;1;2;3;2;2;1;1;4;1;1;2;1;2;2;2;3;1;1;2;1;1;6;2;3;5;1;1;1;1;1;1;1;1;2;2;1;3;1;1;1;1;1;2;1;1;1;1;2;1;1;2;1;2;2;1;1;1;1;2;2;1;1;2;1;2;1;1;1;1;1;3;1;1;1;2;1;1;2;2;1;1;1;3;1;1;1;3;2;1;1;1;1;2;2;2;1;1;1;3;1;1;3;1;2;2;1;3;2;1;2;2;3;1;1;1;2;1;4;1;1;3;1;1;2;1;1;1;2;1;1;1;2;2;1;1;1;3;1;1;1;3;1;2;2;1;1;1;1;3;1;1;1;1;3;1;1;1;2;5;1;1;2;2;1;2;2;1;2;2;1;1;2;1;1;1;1;1;1;2;1;1;2;1;1;2;2;1;1;1;4;1;1;1;2;1;1;2;1;2;1;1;1;1;1;2;1;1;1;1;1;1;2;1;3;2;1;1;1;1;1;2;1;2;2;1;1;1;1;2;3;1;1;1;2;3;3;1;1;1;2;2;1;1;2;1;2;1;1;1;5;3;2;1;1;5;1;1;1;1;2;1;1;2;1;1;1;2;2;1;3;1;1;2;1;1;1;1;1;1;1;1;1;3;1;2;1;2;2;1;1;1;1;1;2;3;1;1;3;1;2;1;1;1;1;1;2;1;1;1;1;1;1;1;1;1;1;2;1;1;1;1;2;2;1;1;1;1;1;2;1;2;1;1;1;1;1;1;2;1;2;1;2;2;1;1;1;2;1;1;1;2;1;1;1;1;1;2;1;1;1;3;1;1;2;1;1;1;1;1;1;1"
1,0,144,"1;1;2;2;1;1;3;1;1;2;2;1;1;1;3;1;1;1;1;2;1;1;1;1;2;2;3;1;1;1;4;1;2;1;2;1;1;2;1;2;1;1;1;2;1;1;1;1;2;1;2;2;1;1;1;1;2;1;2;4;1;3;1;1;1;2;2;4;1;1;1;1;1;1;1;3;1;1;1;1;1;1;1;2;1;2;1;1;5;3;2;2;1;1;4;1;2;1;1;1;4;1;2;1;1;1;1;2;3;1;3;3;1;2;1;1;1;1;1;2;1;1;1;2;1;1;2;1;2;1;1;1;1;1;1;1;2;1;1;2;1;2;1;1"
2,0,112,"2;1;1;1;2;2;1;1;1;1;1;1;2;2;1;1;1;1;1;1;1;1;2;2;1;1;1;3;3;5;3;1;3;1;4;4;1;3;2;1;1;2;4;5;6;1;1;1;2;2;3;1;2;2;5;1;1;1;1;1;1;1;2;5;1;1;1;2;2;1;1;1;4;7;1;1;3;1;1;1;2;2;2;2;1;2;1;1;1;6;8;1;2;2;1;3;6;2;2;1;5;1;2;1;1;3;1;2;4;1;1;1"
3,0,118,"1;1;3;1;1;1;1;1;2;3;2;1;1;1;2;1;2;1;1;1;1;1;1;3;1;3;1;1;1;1;1;1;1;2;2;3;2;2;2;4;1;2;2;1;3;1;2;1;2;2;1;1;1;2;1;1;2;1;2;1;1;5;1;1;1;1;1;3;4;1;2;3;3;1;2;1;1;2;2;1;1;1;3;1;2;1;1;2;1;1;1;1;3;1;3;2;3;1;2;3;1;1;1;3;4;1;2;3;2;1;1;1;1;1;1;2;1;2"
4,0,225,"1;1;2;1;1;1;1;1;1;1;1;1;2;1;1;2;1;2;1;1;2;2;1;1;1;1;3;1;1;1;2;2;1;1;2;1;1;1;1;2;1;1;1;3;1;2;1;1;2;3;1;1;2;1;1;1;2;1;2;1;1;3;1;1;1;1;4;1;1;2;2;1;1;2;2;2;1;3;1;2;1;1;1;4;1;1;2;1;1;1;1;1;1;1;1;1;1;1;2;1;2;1;3;1;1;2;1;1;1;2;2;3;1;1;2;1;1;1;1;5;1;1;3;1;2;1;1;1;1;1;1;2;1;3;1;1;1;1;2;1;1;1;1;3;1;1;1;1;1;1;1;2;1;3;1;1;1;2;2;1;2;1;3;1;1;2;1;1;1;1;1;1;1;1;2;1;1;1;1;1;2;3;2;2;1;1;1;3;2;1;2;1;2;2;1;1;2;2;1;1;1;1;2;1;1;1;1;1;1;1;2;1;1;1;1;3;1;1;2;1;3;1;1;1;1"
5,0,664,"1;1;1;1;2;1;2;1;3;2;1;2;3;2;1;1;2;1;3;1;1;2;1;1;1;2;2;1;5;2;3;1;2;1;1;2;1;3;1;2;1;1;1;4;1;4;1;1;1;1;1;1;4;1;1;1;2;1;1;2;1;1;2;2;2;1;2;1;1;1;1;1;2;1;1;1;1;1;3;2;1;1;1;1;2;3;2;1;1;3;1;1;1;1;1;2;1;1;1;2;2;2;2;1;1;3;4;1;1;2;2;2;1;2;2;1;2;2;1;2;1;1;2;1;1;1;2;1;1;2;3;1;2;1;1;1;2;2;1;2;1;2;1;1;2;2;1;1;2;1;1;2;2;1;2;1;2;1;1;1;1;1;1;1;1;1;2;2;1;1;2;1;1;1;1;2;1;1;1;3;2;3;1;1;2;2;1;1;1;2;1;2;1;1;1;3;2;1;2;2;1;2;2;1;1;1;1;1;1;1;1;1;1;1;1;1;1;1;1;1;1;2;3;1;2;1;1;1;2;1;1;2;1;1;2;1;2;2;2;2;1;4;2;3;1;3;2;1;1;2;1;1;1;1;1;1;1;2;1;4;1;3;1;4;1;3;4;2;1;1;1;1;2;3;2;1;1;2;2;1;1;2;2;1;2;1;1;1;1;1;1;3;3;1;3;1;1;1;1;1;1;2;1;2;2;3;1;1;2;2;1;1;2;1;1;2;1;1;1;2;1;1;1;1;3;1;1;1;2;1;1;1;2;1;1;1;1;1;1;1;3;1;1;1;2;2;1;1;1;1;1;1;2;1;1;1;1;1;1;1;2;1;3;2;1;1;2;1;1;1;1;1;1;1;1;1;1;1;2;3;1;1;1;1;1;1;1;1;1;2;2;1;5;4;1;1;1;1;1;2;2;1;3;2;2;1;1;2;1;2;1;1;1;2;1;1;2;1;1;1;1;1;1;1;1;1;1;1;2;2;1;5;2;1;2;3;1;1;2;1;1;1;1;2;2;1;1;1;3;1;1;2;2;2;1;1;2;3;1;2;1;1;1;1;2;1;2;1;1;2;3;1;1;1;1;1;2;1;1;1;1;2;3;1;1;2;1;3;2;1;1;2;2;2;1;1;3;1;1;2;1;1;1;2;1;1;1;1;1;1;1;2;1;2;1;1;3;3;2;1;1;5;1;1;1;1;1;1;2;1;1;1;2;1;2;1;4;1;1;1;3;2;2;2;1;1;1;2;1;1;1;1;2;1;1;1;1;1;1;1;2;1;1;1;1;1;2;1;1;1;1;1;1;1;1;1;1;1;1;2;1;1;2;1;1;1;1;1;3;1;2;1;1;1;1;2;1;1;1;2;1;3;1;2;1;1;2;1;1;3;1;1;1;3;2;1;1;1;1;1;5;1;2;1;1;1;1;1;1;1;2;2;1;1;2;3;2;1;1;1;2;2;1;1;1;1;1;1;1;1;1;2;2;1;1;1;1;1;1;1;1;3;1;1"
6,0,542,"1;1;4;1;1;3;1;2;1;1;3;1;1;1;2;1;1;1;1;1;1;2;1;1;1;2;2;1;2;2;1;1;1;1;1;2;2;2;1;1;4;2;2;4;2;2;2;3;1;2;1;2;4;2;2;2;2;3;3;2;3;2;4;2;1;2;2;2;2;2;2;2;2;1;2;2;2;2;1;2;2;2;3;1;4;2;2;3;2;4;2;3;1;2;3;1;1;1;1;4;2;6;5;1;3;4;2;1;3;5;1;1;2;3;1;2;1;1;1;2;4;1;1;4;1;1;2;1;1;4;2;1;1;3;2;2;2;1;3;2;2;1;1;1;2;3;1;2;1;1;4;1;2;2;1;1;4;2;1;1;1;3;3;1;1;2;4;2;1;1;2;3;2;1;1;4;1;1;2;2;4;3;1;1;2;2;2;2;1;3;2;1;2;1;1;2;2;1;1;2;2;2;3;1;1;1;1;2;4;2;1;3;3;2;1;1;4;2;2;1;1;4;1;2;1;1;2;2;1;1;2;1;1;2;5;1;3;4;1;1;1;3;2;2;1;1;3;2;2;1;1;1;3;3;2;1;3;4;2;1;1;2;3;2;1;1;4;1;1;2;1;1;2;3;2;1;3;4;2;1;1;4;1;2;1;3;3;1;2;1;3;3;2;1;1;4;1;1;2;2;4;3;1;1;2;3;1;2;1;1;1;1;2;1;2;1;1;1;3;1;1;2;1;3;4;1;4;3;1;2;2;4;2;1;1;1;1;1;3;1;2;1;1;4;1;2;1;1;2;2;1;1;2;1;1;4;1;2;1;1;4;2;2;1;1;2;3;2;1;1;4;1;1;2;1;2;3;2;1;1;1;4;1;1;2;1;3;3;2;1;3;3;1;2;1;2;3;1;2;1;1;2;4;2;1;1;2;3;2;1;3;3;1;2;1;1;2;3;1;1;1;1;2;3;1;2;1;3;3;2;1;3;4;2;2;4;2;1;1;1;2;4;2;1;3;3;2;1;3;3;1;1;1;1;1;4;1;2;1;3;4;2;1;1;2;3;2;1;3;4;2;1;3;3;2;1;1;4;1;1;2;2;2;3;2;1;1;4;1;1;2;1;1;3;2;2;1;1;4;2;2;1;1;4;2;1;1;1;4;1;1;2;1;1;2;3;2;1;1;1;3;2;2;1;1;2;3;2;1;1;2;3;1;2;1;1;4;2;1;1;3;3"
7,0,585,"1;1;1;2;3;1;1;3;3;3;1;1;3;4;1;1;1;1;2;1;1;5;1;2;3;3;1;2;2;1;2;1;2;1;1;1;1;3;2;2;2;2;1;2;1;1;1;2;1;1;1;1;1;1;1;2;3;1;3;3;2;3;2;1;5;3;1;2;1;3;1;1;1;3;3;1;2;2;1;3;5;4;2;1;1;1;1;2;1;1;2;1;1;1;2;2;2;1;1;1;2;4;1;3;1;1;2;1;1;1;4;2;1;3;1;1;1;1;4;2;1;1;1;1;4;3;3;4;2;2;3;2;1;2;1;2;1;2;1;2;2;1;1;1;1;3;2;3;1;1;1;3;2;3;1;1;5;3;1;1;1;3;2;1;3;2;1;2;3;1;1;1;1;2;2;1;5;3;4;1;2;2;2;1;2;1;1;1;1;2;1;3;1;4;1;1;1;2;3;1;3;2;4;1;1;4;3;1;4;1;1;1;1;2;1;2;1;1;1;2;5;3;3;2;3;3;2;2;2;2;2;2;2;2;3;2;2;1;1;1;2;2;2;2;1;2;3;2;2;1;2;1;3;2;1;1;3;1;1;4;1;1;1;1;4;3;1;1;4;1;1;1;1;1;1;2;2;2;2;2;2;1;1;2;1;1;2;2;2;1;1;1;1;2;2;1;1;1;3;2;1;1;2;2;2;1;1;2;2;2;1;1;1;1;2;2;1;2;1;2;2;1;1;1;1;3;3;1;1;2;3;1;1;2;1;2;1;3;2;3;1;2;2;3;1;2;2;3;1;1;3;2;2;1;1;2;2;1;1;2;2;2;2;1;1;2;3;1;2;2;3;2;1;2;2;1;1;1;1;2;3;1;2;2;2;2;1;3;2;1;1;2;2;3;1;1;3;3;1;2;2;3;3;2;3;1;1;1;2;3;1;1;1;2;2;1;1;2;2;3;1;2;2;2;1;3;2;4;2;2;3;1;2;2;2;2;1;1;2;2;1;1;1;1;2;2;1;1;1;1;2;3;1;2;2;2;1;1;1;1;2;3;1;1;1;2;2;1;2;1;2;2;2;2;2;3;2;1;2;3;1;1;1;2;3;1;2;2;3;1;1;3;2;1;2;2;1;2;1;1;1;1;2;3;1;1;1;2;3;1;1;1;2;3;1;1;1;2;4;2;2;2;1;1;1;1;2;2;1;1;1;1;2;3;1;1;1;2;2;1;2;1;2;3;1;1;1;2;3;1;1;1;2;2;2;1;1;2;2;2;1;1;2;3;1;1;1;1;1;2;1;1;1;1;2;3;1;1;1;4;1;1;1;1;2"
8,0,86,"1;1;2;3;1;2;3;4;1;2;2;2;1;2;2;1;2;4;3;2;5;2;3;4;5;3;5;1;2;2;2;3;3;1;1;1;1;1;3;4;1;3;4;6;1;2;4;5;1;1;2;3;6;2;2;2;1;2;1;3;3;1;3;1;3;3;1;3;1;1;1;1;1;2;5;1;5;2;2;1;1;1;2;1;1;1"
9,0,375,"1;3;3;2;2;1;1;1;1;6;1;1;1;1;1;1;1;1;1;3;1;3;1;1;3;1;3;1;2;1;4;1;1;4;2;2;1;2;1;1;2;2;1;1;2;1;2;2;1;1;1;1;2;1;1;2;1;1;2;1;1;2;1;1;1;1;1;1;5;2;1;1;1;2;1;2;1;2;2;1;1;1;2;1;2;3;1;1;1;1;1;1;2;2;1;1;1;1;2;2;2;1;1;1;1;2;2;1;1;1;1;1;2;1;1;1;1;1;1;2;1;1;2;1;3;1;1;1;2;2;1;1;1;2;1;1;2;1;2;1;3;2;1;2;1;2;2;2;1;2;1;1;3;3;1;1;4;1;1;3;1;1;1;1;1;1;2;1;1;2;1;1;3;1;1;1;1;1;1;1;1;1;4;2;2;1;2;1;2;1;1;1;1;2;3;3;1;5;1;1;1;1;1;1;1;1;1;1;1;1;1;3;1;1;3;1;1;2;2;1;1;1;1;5;1;1;2;1;3;2;1;3;2;2;3;1;1;1;2;1;1;2;1;1;4;2;1;2;1;1;2;1;2;1;1;1;1;1;1;2;1;2;1;3;3;2;1;1;1;1;1;2;2;1;1;2;1;1;3;1;1;1;3;2;2;2;2;1;2;1;2;1;1;1;2;2;1;1;1;1;2;1;1;1;1;1;2;1;2;1;1;1;2;3;1;3;1;1;1;1;2;2;1;1;2;1;1;2;1;1;1;2;2;1;1;1;1;1;2;2;1;2;1;2;2;1;1;1;1;2;1;1;1;1;1;2;2;1;2;1;2;1;2;1;1;2;1;1;1;1;1;1;1;1;1"
10,0,549,"1;1;4;1;1;3;2;1;1;2;1;2;3;1;2;1;3;1;1;1;1;1;2;1;1;1;1;3;1;1;1;1;2;2;3;2;3;2;1;2;2;4;1;2;1;1;3;4;2;2;1;1;1;2;2;3;1;1;1;2;1;6;1;1;1;5;1;3;1;1;1;1;3;3;1;1;2;2;2;1;2;1;3;4;1;5;1;1;1;3;1;1;3;2;2;2;1;2;1;1;2;1;1;3;1;3;2;1;4;2;3;3;2;1;1;1;2;1;2;1;1;3;3;2;2;1;2;1;1;1;1;1;2;3;2;1;1;2;2;1;1;1;2;1;1;1;3;2;5;2;1;1;1;3;1;2;1;1;1;1;2;1;3;1;1;1;1;1;1;1;1;2;1;2;3;1;1;2;1;1;2;1;2;2;1;1;1;2;1;1;1;1;1;3;1;1;1;1;2;1;1;1;1;1;1;1;1;1;3;1;4;2;1;2;1;4;3;3;2;1;4;1;2;1;2;3;1;5;1;3;2;1;1;1;1;1;1;1;1;1;2;2;2;1;1;1;2;2;1;1;1;1;1;1;1;2;2;2;2;1;2;2;2;3;1;2;3;1;1;2;1;1;1;1;3;1;1;1;2;1;4;1;1;1;1;1;1;3;2;1;1;1;1;1;1;2;1;1;1;1;1;1;1;2;1;1;1;1;1;1;1;1;1;1;1;1;1;1;1;3;1;1;1;1;1;1;1;1;3;2;1;4;1;1;1;2;1;1;1;1;1;1;1;2;1;2;1;5;1;1;2;1;2;1;1;2;2;2;2;2;1;4;1;2;3;3;2;1;1;4;2;5;1;1;1;1;1;2;1;1;1;3;5;1;2;1;3;1;1;3;3;1;3;2;3;3;3;3;3;4;1;2;4;4;1;3;2;1;1;1;1;3;3;2;1;2;2;1;1;3;2;1;1;1;2;2;1;2;2;2;1;1;2;2;2;2;1;2;1;1;2;1;1;1;1;1;1;1;2;1;1;2;2;1;1;2;1;1;1;1;1;1;1;2;1;1;1;1;1;1;1;2;1;1;2;2;2;1;1;1;1;1;1;1;4;1;1;1;2;1;1;1;1;1;1;3;2;1;3;1;1;1;2;1;4;1;1;2;1;1;2;2;1;1;2;2;1;1;1;1;2;1;1;1;1;1;1;2;2;1;1;2;1;1;2;1;2;1;1;1;1;1;1;1;1;1;1;1;1"
11,0,23,"1;2;1;2;2;2;1;2;3;1;1;1;1;1;2;1;2;1;2;1;1;1;3"
12,0,43,"1;3;1;2;1;2;3;1;1;2;3;1;2;3;1;1;1;1;2;1;1;2;1;2;1;1;1;1;1;2;1;1;2;1;2;1;1;3;1;1;1;1;1"
13,0,406,"3;1;4;2;3;3;1;1;3;4;4;1;2;2;3;2;3;2;1;1;3;2;2;1;1;1;2;2;4;2;1;1;1;1;3;1;2;1;2;1;3;2;1;6;2;2;3;1;1;1;2;1;2;1;4;1;1;5;1;1;1;2;3;5;1;2;1;2;1;3;2;2;1;1;1;2;1;1;1;1;1;4;2;1;2;1;1;1;1;1;1;1;3;2;1;1;1;2;1;2;2;1;1;2;1;1;1;1;1;2;1;1;3;1;1;5;1;1;2;1;4;1;1;2;1;3;1;1;1;1;3;1;1;1;1;1;2;3;1;1;3;3;2;1;2;1;1;1;1;1;1;1;1;2;1;1;1;2;1;2;1;2;1;1;2;2;4;1;1;1;4;2;2;3;5;1;2;3;2;1;1;1;1;1;2;1;3;2;1;1;3;1;2;1;3;2;2;1;1;1;1;1;2;1;1;1;2;1;1;2;1;1;1;1;1;1;3;1;2;1;2;3;2;1;1;1;1;1;1;1;1;3;1;2;2;1;1;2;5;3;2;1;2;1;2;1;1;1;1;1;1;3;1;1;1;3;1;1;1;3;1;2;1;1;1;1;2;1;1;1;1;1;1;1;2;3;1;1;1;2;2;1;1;1;4;1;1;2;1;1;2;1;1;4;1;2;1;1;2;1;4;1;1;1;2;1;1;1;1;1;1;4;1;1;1;1;5;1;1;1;2;1;2;1;1;1;1;3;2;1;4;1;1;2;6;2;1;2;2;1;1;1;3;1;3;3;3;1;1;2;1;1;2;1;2;1;1;1;1;2;2;1;1;1;1;2;1;1;3;3;1;1;2;1;1;1;2;1;1;1;1;1;1;1;1;1;1;1;1;1;1;1;2;2;1;1;4;3;1;1;1;1;1;1;2;2"
14,0,315,"1;1;1;2;1;1;1;1;1;2;1;1;2;1;2;1;1;1;2;1;1;1;1;1;1;2;3;1;1;3;1;1;1;2;1;1;1;1;1;1;2;1;1;1;2;2;1;2;1;1;1;1;1;1;2;3;1;2;1;2;3;3;2;1;1;3;1;1;2;1;1;3;1;2;1;1;1;1;1;1;3;1;1;1;3;2;2;1;1;2;3;1;1;2;2;1;2;1;1;1;1;1;2;1;1;1;2;1;1;2;1;1;1;2;1;2;1;1;1;1;3;1;2;1;1;1;3;2;1;2;2;1;1;2;2;1;1;1;3;1;1;2;2;2;5;2;2;3;2;1;1;1;1;1;2;2;1;2;1;2;2;2;1;1;2;2;1;2;1;1;1;3;1;1;1;2;1;1;1;1;1;2;1;1;1;1;1;2;1;1;2;1;2;3;2;2;1;1;2;1;2;2;1;1;1;1;1;2;1;1;1;1;1;1;2;3;1;1;1;2;1;2;2;1;2;1;1;1;3;2;1;1;1;1;2;3;2;2;3;2;1;1;1;1;1;1;1;1;2;1;1;3;1;1;1;1;1;2;1;1;1;1;1;1;1;1;2;3;2;2;1;2;3;2;2;1;2;1;1;1;2;1;1;1;1;1;2;2;1;1;1;2;2;1;1;2;1;1;2;1;2;1;1;1;1;1;2;1;3;2;2;1;1;1;1"
15,0,512,"1;3;4;2;1;2;1;1;1;1;2;2;2;1;1;3;2;2;1;1;2;1;1;2;1;1;1;1;2;1;1;1;1;2;1;1;3;2;1;1;1;1;2;5;1;2;1;1;2;1;2;1;1;3;1;1;1;3;1;4;1;1;3;1;1;1;1;1;2;1;2;1;1;2;2;2;3;2;1;2;1;2;1;1;1;2;2;2;1;1;1;1;3;2;1;2;1;1;1;1;1;1;1;3;1;4;1;1;1;1;2;3;4;1;3;3;3;1;1;1;3;1;6;2;1;2;1;2;1;2;1;1;1;1;3;1;1;1;2;2;1;1;1;2;2;1;3;4;2;1;1;2;3;3;1;1;1;2;1;1;1;4;2;1;1;4;1;3;4;2;1;1;1;2;1;2;3;1;1;1;1;2;1;1;1;1;3;1;1;1;3;1;2;2;1;1;3;1;1;2;1;1;1;1;2;2;4;2;2;1;1;1;1;1;2;2;1;1;1;4;1;1;1;4;2;2;3;1;1;2;1;1;3;2;1;1;1;1;1;1;1;1;1;3;3;2;1;1;1;1;1;2;1;1;1;2;5;1;1;2;2;1;1;2;1;2;2;2;4;2;2;3;1;4;1;1;1;1;1;1;1;1;1;4;1;1;1;2;3;1;1;1;1;1;1;2;1;1;1;1;2;1;1;1;2;2;1;1;1;1;1;1;1;1;3;3;2;1;2;1;4;2;1;1;1;4;1;2;1;2;1;2;4;1;3;2;3;2;1;1;2;1;1;2;1;3;2;3;2;3;1;1;2;1;1;1;3;2;3;1;2;3;2;1;1;1;3;1;1;1;1;2;3;2;1;1;1;2;1;1;3;3;1;1;1;1;1;1;1;4;3;1;1;2;1;2;1;2;1;2;1;1;3;2;1;1;2;2;2;3;3;3;2;2;2;2;1;1;1;2;4;2;1;1;1;1;1;2;2;1;1;1;1;1;1;1;1;1;1;2;1;2;1;1;1;2;1;2;1;1;1;1;1;1;1;1;1;2;1;1;1;1;2;2;1;1;2;1;1;4;1;2;2;2;1;3;1;1;1;5;1;1;1;2;2;1;1;1;2;1;2;1;1;2;4;1;2;1;1;1;1;3;1;1;3;1;1;1;1;4;1;1"
16,0,11,"1;2;3;1;3;3;1;3;2;2;1"
17,0,11,"3;2;2;1;1;2;2;3;1;2;3"
18,0,555,"1;2;1;1;2;3;2;3;1;1;1;2;1;2;2;2;3;1;1;2;1;2;3;4;1;1;2;1;4;2;1;1;1;3;2;1;2;2;1;1;1;2;3;1;1;1;3;1;1;3;3;1;2;1;1;2;1;5;2;1;3;2;1;1;3;2;2;4;5;3;1;1;3;1;2;2;2;1;3;1;2;1;3;3;1;1;3;1;3;4;3;4;5;2;1;4;3;1;3;2;1;1;1;2;1;1;2;1;2;2;1;1;3;2;4;3;3;1;1;3;1;2;1;2;3;4;3;4;5;2;1;2;4;2;4;3;3;1;1;2;3;3;3;2;3;2;3;1;1;2;2;3;3;4;3;6;5;1;4;1;3;3;1;2;3;1;1;2;2;2;1;1;1;5;1;1;1;1;1;2;1;1;1;1;1;1;1;3;1;3;1;4;7;3;3;3;6;1;4;3;1;5;1;1;1;3;1;1;3;1;1;1;3;1;2;1;1;1;1;3;2;1;1;3;3;2;2;5;3;2;3;4;1;1;2;1;4;1;1;1;1;1;2;1;1;1;2;1;1;1;1;1;1;1;1;2;1;2;3;1;1;3;3;1;1;1;1;1;1;1;1;1;1;1;1;2;1;1;2;3;1;3;1;3;2;3;1;1;1;1;1;1;2;1;1;1;1;1;1;2;1;2;1;2;3;3;2;2;1;1;1;2;1;1;1;1;1;1;1;1;1;1;2;1;1;3;3;1;1;1;3;1;2;3;3;1;1;1;2;1;2;1;3;3;2;1;3;3;3;2;3;1;3;3;2;1;1;4;2;2;1;3;1;1;2;1;1;1;3;1;3;4;1;1;1;1;2;4;1;1;2;1;1;2;1;2;4;1;2;4;1;1;1;1;2;2;1;2;1;3;2;2;1;4;1;1;2;2;5;1;1;2;3;1;2;1;1;1;1;1;1;1;1;1;1;1;7;3;1;3;1;1;3;1;2;1;2;1;3;1;3;1;2;2;1;2;1;1;2;1;3;3;1;1;2;1;3;1;4;2;4;1;3;3;2;4;2;1;2;2;3;1;3;1;1;1;1;1;1;1;2;1;2;4;3;3;2;1;2;2;2;1;1;1;1;1;1;1;1;1;1;1;1;1;2;2;2;2;1;1;2;2;1;1;1;1;2;2;2;1;1;1;1;1;2;2;1;3;1;1;1;2;2;1;3;1;1;2;1;1;3;1;1;1;3;2;1;1;1;2;3;3;3;2;4"
19,0,508,"1;1;1;2;1;2;1;1;1;3;2;2;3;2;1;1;1;3;1;1;1;4;1;2;1;1;1;1;1;1;3;1;1;1;1;1;2;1;1;1;1;1;5;1;2;1;2;1;2;1;1;1;1;1;1;3;2;1;2;2;1;1;3;2;5;2;1;1;1;1;1;2;3;2;2;1;3;1;2;1;1;2;1;1;1;1;1;1;1;1;1;1;2;1;4;1;2;1;1;1;1;1;1;1;1;1;2;2;1;2;2;2;2;1;1;1;4;5;1;1;1;1;1;1;1;1;1;1;3;2;2;1;2;1;1;1;1;1;1;1;1;1;1;1;1;1;1;2;1;1;1;1;1;2;1;1;2;1;1;2;1;1;1;1;3;1;2;1;1;2;2;1;2;4;1;2;1;1;1;1;1;3;1;1;2;1;1;1;2;1;1;2;1;2;1;1;1;1;1;1;1;1;1;2;1;1;3;1;1;2;1;1;1;1;1;2;1;2;1;1;1;1;2;3;1;2;4;3;4;1;1;1;1;1;1;1;1;1;2;2;1;1;1;1;3;1;1;1;1;1;1;1;1;1;4;1;1;1;2;1;1;1;2;1;2;1;1;1;1;1;3;1;2;2;1;3;1;1;1;3;1;1;2;1;1;1;3;1;1;1;1;1;1;1;1;1;2;1;1;1;1;1;2;1;1;3;1;1;1;1;1;3;1;2;2;1;1;1;1;1;3;1;1;2;2;2;2;1;1;1;1;2;1;1;1;1;1;2;2;2;1;1;1;1;1;2;1;2;1;1;2;2;1;2;1;1;1;2;1;2;1;1;1;1;1;3;1;1;1;1;2;1;2;1;1;1;1;1;1;6;1;1;1;1;1;2;1;1;1;1;1;1;1;1;1;1;1;1;1;1;1;1;1;4;1;3;1;1;1;2;2;2;1;1;1;2;1;2;1;3;2;1;1;3;2;1;3;1;1;1;1;1;1;1;1;1;1;1;1;1;1;1;1;1;3;1;1;2;1;1;2;1;2;2;1;1;1;1;2;2;1;1;1;2;1;1;3;1;1;1;1;3;2;1;2;2;3;2;1;1;1;1;2;1;1;1;1;2;1;1;2;1;1;2;1;1;2;1;1;1;1;1;1;2;2;1;2;1"
20,0,318,"1;1;3;1;1;1;1;1;1;1;2;1;1;2;1;1;3;1;1;1;1;1;1;1;1;1;1;1;2;1;1;1;2;3;2;1;2;1;1;1;1;1;1;1;1;1;1;1;1;1;1;1;2;1;3;1;3;1;1;1;1;1;1;2;3;1;2;1;1;1;3;2;2;2;3;1;1;5;1;1;1;1;1;1;1;1;2;3;2;1;2;2;3;3;2;1;1;2;1;1;1;5;2;2;2;1;2;3;1;1;1;3;2;1;4;1;2;2;1;1;1;2;2;2;4;2;1;1;1;2;3;1;1;2;2;1;1;2;4;1;3;1;4;3;1;1;2;2;2;4;1;3;2;1;1;5;2;4;2;1;2;1;3;3;2;1;1;2;3;2;1;4;3;3;2;3;2;4;1;1;1;2;1;2;1;1;2;3;1;1;1;1;1;1;2;1;3;2;1;3;1;1;3;1;1;1;1;1;3;1;1;1;2;2;2;1;2;2;1;6;1;2;2;1;1;3;3;1;1;2;2;2;1;2;2;1;1;2;1;1;1;2;1;1;2;2;5;1;1;2;1;3;3;2;1;2;1;1;1;1;2;1;1;1;1;1;1;1;2;2;1;1;1;1;1;1;1;1;1;1;2;1;1;1;2;1;1;1;1;1;1;1;1;1;1;1;1;1;2;3;1;1;1;1;1;1;1;1;1;1;1;1;2;1;1;1;1;1"
21,0,7,"1;1;1;1;3;1;1"
22,0,66,"4;1;2;2;1;1;1;1;1;1;1;1;1;2;1;1;1;1;2;1;2;1;1;1;3;1;2;1;1;1;1;1;2;1;1;1;1;1;5;1;2;1;4;1;2;1;1;1;3;1;2;3;2;4;1;2;1;2;2;1;1;1;2;1;1;1"
23,0,74,"1;1;5;2;2;3;3;1;1;1;1;2;3;2;1;1;5;1;1;1;4;1;1;1;1;1;1;1;1;1;1;4;5;2;2;1;3;1;2;1;1;1;1;1;4;3;3;2;1;1;1;1;1;4;1;1;2;1;2;1;1;1;1;2;4;2;1;2;1;4;2;1;5;1"
24,0,27,"1;2;1;2;1;2;1;2;1;1;1;2;1;3;5;5;4;1;3;1;3;1;2;2;1;1;3"
25,0,811,"1;1;1;3;5;1;2;2;1;2;1;1;1;1;2;1;1;1;2;1;1;1;1;1;1;2;1;1;1;3;1;2;2;5;1;1;1;1;1;2;2;1;1;1;1;1;1;1;1;1;1;1;1;2;1;1;1;2;1;1;1;4;1;1;3;1;1;1;1;2;1;1;1;1;2;2;1;1;2;1;3;1;2;1;1;1;1;1;1;2;2;1;1;1;1;3;1;3;3;1;1;1;1;1;1;1;1;1;1;2;1;1;3;2;1;1;4;1;2;1;1;3;1;1;1;1;2;1;1;1;1;1;1;1;2;1;1;1;1;1;1;1;1;1;3;1;1;1;1;1;2;2;1;1;1;1;3;2;2;1;2;1;1;1;1;1;1;1;1;2;1;2;1;1;1;1;1;1;4;1;1;3;1;1;1;1;2;4;1;1;1;1;1;1;1;2;1;1;1;1;1;1;2;2;1;1;2;2;2;2;2;1;1;3;1;3;1;1;1;1;1;2;1;1;1;1;1;1;1;2;1;1;1;1;1;1;1;1;1;1;1;1;2;1;1;1;1;1;1;1;1;1;1;1;3;1;3;1;2;1;1;1;1;3;1;1;1;1;1;1;1;1;1;1;1;2;1;1;1;1;1;1;1;1;3;1;3;1;1;1;1;2;1;1;1;1;1;1;1;1;1;1;1;1;1;2;1;1;1;1;1;1;1;1;1;1;1;1;1;1;1;1;3;1;1;1;1;3;1;1;1;1;1;1;1;2;3;1;1;1;1;1;1;1;1;1;1;3;2;1;1;1;1;1;1;1;1;3;2;1;2;1;1;1;1;2;1;1;1;1;1;1;2;3;1;1;1;1;2;1;1;1;1;1;1;1;1;1;1;1;1;1;1;1;3;1;1;1;4;1;1;1;1;1;1;1;1;1;1;1;3;1;1;1;1;1;1;1;1;1;1;1;1;2;1;1;1;1;1;1;2;2;1;2;2;3;1;1;1;1;2;1;2;2;1;1;1;1;1;1;1;1;1;1;1;2;1;1;1;1;1;1;2;1;1;1;3;1;1;1;1;1;2;1;1;1;1;1;1;1;2;1;1;1;1;1;1;1;1;1;1;1;1;1;1;1;1;1;1;1;1;1;1;1;1;1;1;1;4;1;2;2;1;2;1;1;1;1;1;1;1;1;1;1;1;1;2;1;1;1;1;1;1;1;1;1;1;1;1;1;2;1;1;1;1;1;1;1;1;1;1;1;1;1;3;1;1;1;1;1;1;1;2;2;1;1;2;1;1;1;1;1;2;1;1;1;1;1;1;1;1;1;1;1;1;1;2;1;1;2;1;1;2;1;1;2;1;3;1;2;1;1;1;1;1;1;2;1;1;1;1;1;1;1;1;1;1;1;1;1;1;1;1;1;1;2;1;2;1;1;1;1;1;4;2;4;1;2;1;1;1;1;1;1;2;1;1;1;1;2;1;1;1;1;1;1;1;1;1;1;1;1;1;1;2;1;3;1;1;1;1;2;1;1;1;1;1;1;1;1;1;1;2;1;1;1;1;2;2;1;1;1;1;1;1;1;1;1;1;1;3;1;2;2;1;2;1;1;1;1;1;1;1;1;1;1;1;1;1;1;1;1;2;1;1;1;1;1;1;1;1;1;1;1;1;2;1;1;1;3;1;1;1;1;1;1;2;1;1;1;1;1;1;1;1;1;1;1;1;1;1;1;1;1;1;1;1;1;1;1;2;1;1;1;1;2;3;1;1;1;1;1;2;1;2;1;1;1;1;1;1;2;1;1;3;2;1;1;1;2;1;2;3;1;1;1;1;1;1;1;2"
26,0,546,"1;2;2;2;2;1;2;1;1;1;1;1;4;1;1;1;1;1;4;2;2;1;1;2;1;1;1;1;1;1;1;1;1;1;1;1;1;1;2;1;2;3;1;3;2;3;2;1;1;1;2;1;1;1;1;1;5;1;1;1;1;2;2;3;1;1;2;2;3;2;1;3;1;3;3;2;3;1;2;1;2;2;1;1;1;2;1;2;1;1;1;4;2;1;1;1;1;1;2;3;1;1;2;1;1;2;1;1;1;1;1;1;4;1;2;2;1;2;1;2;1;3;1;2;3;2;3;1;1;1;4;1;2;1;1;2;1;3;1;3;1;1;4;2;3;1;2;3;2;2;1;2;1;2;1;2;4;2;4;3;2;2;2;3;1;2;2;4;5;4;1;1;3;2;1;3;1;1;1;1;4;2;1;2;1;1;2;1;1;2;1;2;1;1;1;1;1;5;1;1;1;1;1;1;1;1;1;1;3;1;4;2;1;1;3;1;1;3;1;1;4;1;2;3;3;1;1;4;1;2;3;2;1;1;4;3;1;1;1;2;2;1;1;4;3;1;1;1;1;1;2;1;2;2;1;1;2;1;2;1;2;2;3;1;4;2;1;2;2;2;1;1;4;1;2;1;1;1;4;2;1;1;3;1;1;1;3;1;1;2;1;1;1;1;1;3;1;1;1;2;1;1;1;3;1;1;1;1;3;2;1;1;1;2;1;1;1;1;2;4;1;2;1;1;1;1;1;2;1;3;2;1;2;1;1;1;1;1;2;1;3;1;2;2;3;2;1;2;3;1;1;3;2;1;1;1;1;2;1;1;1;1;1;1;2;1;1;1;2;2;1;1;1;1;3;2;1;2;2;1;1;1;1;1;2;1;1;1;2;1;1;1;1;1;1;1;1;1;3;1;2;1;2;3;1;1;1;1;1;3;1;1;3;2;1;1;1;1;1;1;4;1;3;2;2;1;1;2;1;1;1;2;1;2;2;1;2;1;1;4;1;1;2;1;1;1;2;1;1;1;2;2;1;2;1;1;1;1;1;2;1;1;1;1;1;1;1;1;1;3;1;1;1;1;1;1;1;1;3;1;1;1;3;1;1;1;1;1;1;1;1;1;1;1;1;1;1;1;2;1;1;3;1;1;1;3;2;1;1;1;1;1;1;1;1;1;1;1;1;1;2;1;1;1;1;1;1;2;2;2;1;1;1;2;1;1;1;1;1;1;1;1;1;2;1;1"
27,0,14,"1;1;1;1;1;3;1;1;3;2;1;2;3;1"
28,0,470,"1;1;1;1;1;2;1;2;2;1;2;1;3;1;3;3;1;1;1;1;1;1;1;1;2;1;1;1;1;1;2;2;2;1;1;2;1;1;3;1;2;2;1;1;2;1;2;2;3;4;4;3;1;1;1;1;3;2;4;3;1;1;2;1;3;3;2;2;1;2;1;1;1;2;2;1;1;1;3;3;2;1;2;5;1;1;3;4;3;1;1;4;1;1;2;2;5;2;3;3;1;1;1;1;3;1;2;3;3;3;1;1;1;1;4;3;3;1;5;1;1;3;3;1;4;3;1;2;2;1;1;2;1;5;5;1;1;1;1;2;5;3;2;4;1;1;2;1;1;4;6;1;2;2;1;1;3;4;3;2;3;1;1;2;2;4;2;2;3;5;1;3;1;3;3;1;1;1;1;1;3;2;1;1;3;1;2;2;1;1;1;3;3;2;3;1;2;1;1;2;1;2;2;3;2;4;1;1;3;4;2;2;2;2;4;1;1;1;1;1;1;3;3;2;3;2;1;3;1;1;2;3;3;3;2;1;1;3;2;1;1;1;2;5;2;1;3;1;4;1;2;2;3;4;2;3;1;2;1;1;4;1;1;2;3;4;1;3;2;4;1;1;1;1;4;2;3;4;4;1;1;1;2;3;4;2;3;2;1;1;2;2;3;1;3;4;4;3;1;1;3;1;1;1;1;1;1;5;3;3;1;3;1;1;3;1;2;4;1;3;1;1;1;1;1;3;1;1;2;2;4;1;1;2;2;5;2;3;1;4;2;2;2;4;2;2;3;1;1;1;3;2;1;2;2;1;2;3;3;1;1;4;1;1;1;1;1;3;3;2;1;2;1;3;2;1;1;1;1;3;3;3;1;2;1;2;2;4;1;1;5;4;1;2;1;2;3;1;1;1;1;1;1;6;2;2;1;1;2;3;3;1;1;5;3;1;2;1;1;1;3;4;1;1;1;2;4;4;3;1;4;1;3;1;2;5;2;1;1;1;2;1;1;4;1;1;1;1;2;1;1;1;1;1;1;1;1;1;1;1;1;2;1;1;1;2;1;5;4;2"
29,0,324,"2;3;1;2;4;1;1;1;1;1;2;2;1;3;2;1;5;2;1;1;1;2;2;2;1;1;1;1;3;2;1;1;4;1;2;3;2;3;1;1;3;1;1;1;1;1;1;1;3;1;1;2;1;3;1;1;2;3;1;1;1;2;1;1;3;4;1;1;1;1;2;1;3;1;3;1;3;1;2;1;2;2;1;1;2;2;1;1;1;1;1;1;1;1;3;1;1;2;4;1;1;2;1;1;1;1;2;1;2;1;1;1;1;1;1;4;3;1;1;1;4;1;2;1;3;1;1;1;1;3;1;1;1;1;1;1;3;1;3;1;1;1;1;2;2;1;1;3;1;1;1;1;1;1;3;3;1;1;1;2;3;1;2;1;2;1;4;1;1;4;1;3;3;1;1;1;2;4;1;1;1;2;2;1;1;1;1;2;1;1;1;1;1;2;4;3;1;1;1;1;2;2;1;1;3;2;2;1;1;1;1;2;1;1;2;1;3;2;2;1;1;1;2;4;1;1;1;2;2;1;2;2;3;1;3;1;1;3;6;1;1;2;1;2;1;2;1;2;2;2;2;1;1;2;1;1;2;1;1;1;1;1;3;2;1;3;2;1;2;1;2;1;3;2;1;1;2;1;1;1;1;1;2;1;1;1;1;1;2;2;1;1;1;1;1;1;1;3;2;1;3;2;1;2;1;1;1;2;1;1;3;1;1;2;1;2;1;1;1;1;1;3;1;3"
30,0,178,"1;1;1;2;2;1;2;2;2;1;5;1;2;2;2;1;2;2;1;2;1;2;1;1;2;1;3;2;2;1;3;1;1;3;5;2;3;1;2;2;1;1;2;1;2;2;2;1;2;2;1;1;1;4;1;2;2;1;2;1;3;1;2;3;2;3;2;3;1;1;1;2;5;1;2;2;1;1;2;1;3;4;2;1;3;1;2;2;1;4;3;4;1;1;1;1;1;1;2;1;1;2;1;1;1;1;2;1;1;1;1;1;1;1;2;1;1;1;2;1;1;1;2;1;2;1;4;2;1;1;1;1;1;1;2;2;2;1;1;2;1;1;2;1;1;5;1;2;1;2;1;1;1;1;1;1;1;1;2;3;1;1;1;1;1;1;1;1;3;2;2;1;1;2;1;3;1;1"
31,0,342,"4;2;1;1;1;3;1;3;1;1;1;1;1;1;3;1;1;1;1;1;2;1;1;2;1;2;1;1;1;1;2;1;2;1;1;1;1;3;1;1;2;1;1;1;1;2;1;1;3;1;1;1;2;1;1;3;1;1;1;2;1;2;1;1;1;1;1;1;2;1;1;1;1;1;1;3;1;1;1;1;2;2;1;1;1;1;2;1;1;1;1;1;1;1;2;2;1;2;3;2;2;1;1;4;1;1;1;1;1;3;1;1;1;2;1;1;1;1;3;1;2;1;2;4;1;2;1;2;3;1;3;1;1;3;2;1;1;1;2;2;2;1;1;1;1;1;1;2;2;1;4;1;1;1;1;1;1;1;1;2;2;1;2;1;2;1;3;1;2;1;1;1;4;1;1;1;1;1;1;1;1;1;1;2;1;1;1;2;2;1;1;1;1;1;3;2;3;1;1;3;1;1;2;2;1;1;1;2;1;1;3;1;1;1;2;2;1;1;2;1;1;1;1;1;1;1;1;1;1;2;1;1;1;1;1;2;2;1;1;1;1;1;1;1;1;2;1;1;1;1;1;1;1;1;1;2;1;1;1;1;1;1;1;3;1;1;1;1;2;1;1;1;2;1;2;1;1;1;2;1;1;2;2;1;1;1;1;1;2;1;2;2;1;1;1;1;1;1;1;2;1;1;1;1;1;1;1;2;2;1;1;1;1;1;1;1;1;1;1;1;1;2;1;1;1;2;1;1;1;1;1;1;1;1;2;1;1;2;1;2;1;1"
32,0,149,"3;1;2;1;3;2;2;2;1;1;2;1;1;3;1;2;1;2;1;2;2;2;1;1;3;1;2;1;2;3;1;2;3;2;2;1;3;1;3;1;3;2;1;4;1;2;1;2;3;2;1;2;3;1;1;1;2;3;2;1;3;1;5;3;1;3;3;3;1;5;1;1;1;1;2;1;1;1;2;2;1;1;1;1;4;1;4;4;1;1;1;1;2;3;2;1;1;1;1;1;2;3;5;1;1;1;5;1;2;3;3;1;1;2;4;1;3;1;2;1;1;4;1;1;1;1;1;1;1;1;1;1;1;2;1;2;5;3;1;1;2;2;1;1;1;1;1;1;1"
33,0,486,"1;1;4;1;1;1;1;1;1;2;1;1;3;4;2;1;1;2;1;1;1;1;1;3;2;1;1;1;2;2;2;1;3;1;2;2;3;2;1;2;1;1;2;2;1;1;4;1;1;1;3;1;1;2;3;1;4;1;1;1;2;1;1;2;1;2;7;1;2;1;2;1;1;1;1;2;1;1;1;1;1;5;2;3;1;2;1;1;1;1;1;2;2;1;1;3;1;1;2;1;1;1;1;2;2;2;3;1;2;1;1;1;1;1;1;3;1;2;1;1;2;1;1;1;1;1;2;1;1;2;3;1;1;4;1;2;1;1;3;1;2;2;2;3;1;3;1;1;3;1;1;3;3;1;1;1;3;3;1;1;3;1;4;1;1;1;1;1;4;3;1;1;1;1;2;1;1;1;2;2;1;2;1;1;1;1;1;3;1;1;3;1;5;1;1;1;2;1;2;1;2;1;2;1;1;1;1;1;3;1;1;1;2;1;2;2;2;1;2;1;1;1;1;1;2;1;1;1;1;1;3;1;2;2;1;1;2;1;2;1;1;1;1;2;1;2;1;1;2;1;1;1;2;2;1;1;2;1;1;1;1;1;3;1;3;1;1;1;1;1;2;2;1;1;2;2;1;1;1;1;1;2;3;1;1;1;1;1;2;2;1;2;1;1;1;3;1;1;1;3;1;2;1;1;1;2;1;2;1;1;1;1;1;1;1;1;2;2;1;1;1;1;1;1;2;1;2;2;1;1;1;1;1;1;2;1;1;2;1;1;1;1;2;1;3;1;1;1;1;3;2;1;1;1;1;1;1;2;1;1;2;1;1;2;1;4;1;1;1;1;2;1;1;1;2;2;1;1;1;2;1;1;1;1;1;4;1;1;1;1;1;2;1;1;1;1;1;1;1;3;1;2;3;1;1;1;1;1;1;3;1;1;1;1;1;1;1;1;2;2;1;1;1;2;2;1;2;1;1;2;1;2;1;1;2;1;1;1;1;2;1;2;1;1;3;1;2;2;1;1;2;1;1;1;1;1;1;2;1;1;1;2;1;1;1;1;1;1;2;4;1;2;2;1;1;1;1;1;1;1;2;2;3;1;1;1"
34,0,617,"1;1;1;1;1;3;1;2;1;2;4;1;1;1;1;1;1;1;1;1;3;1;1;1;2;1;2;1;1;2;1;2;3;3;2;1;3;1;1;1;1;2;1;1;2;4;1;2;1;3;3;1;1;1;1;1;1;1;1;1;1;1;1;2;2;1;1;1;2;1;1;1;1;1;2;1;1;1;1;1;1;1;1;2;3;1;1;2;1;1;1;3;1;1;1;2;1;1;1;1;1;1;2;1;1;1;2;2;1;1;1;3;2;2;1;1;1;1;1;3;1;1;1;1;1;1;1;1;1;2;3;1;2;1;1;1;2;1;1;2;1;2;1;2;1;2;2;3;1;1;1;1;1;1;1;1;1;5;1;1;1;1;1;7;1;1;1;1;1;1;3;1;3;1;1;5;1;1;1;1;2;1;1;2;2;1;1;3;1;3;1;1;1;3;1;1;1;1;1;3;1;1;2;1;1;2;2;1;1;1;1;2;1;1;2;1;3;1;1;4;1;1;1;1;1;2;2;1;1;2;1;3;2;1;1;1;1;1;1;2;2;1;3;1;1;1;2;2;1;1;1;1;1;1;1;2;1;2;2;1;2;1;1;3;1;1;2;3;1;1;1;1;3;1;1;3;2;1;1;2;2;2;1;2;1;1;1;2;3;1;2;4;1;2;1;1;2;3;1;2;2;1;2;3;1;2;3;2;2;1;2;1;4;1;6;3;1;1;1;1;1;1;1;1;1;2;1;1;1;2;1;2;3;1;1;1;1;1;2;2;1;2;1;2;2;2;1;2;3;2;1;1;1;1;1;1;1;1;2;1;2;1;2;1;1;2;1;1;3;2;2;2;1;2;2;1;3;1;2;2;1;2;3;1;1;1;2;1;1;2;1;1;1;2;1;1;1;3;1;2;1;1;1;1;1;3;3;1;2;1;1;1;1;1;1;1;2;1;3;1;1;2;1;1;2;2;4;1;1;1;1;1;2;1;1;2;1;1;1;2;1;2;1;1;1;4;1;1;3;1;1;1;1;1;1;2;1;3;1;1;2;1;1;1;3;1;1;2;1;2;2;1;1;3;1;1;1;5;1;1;1;1;1;1;1;2;1;1;2;1;1;1;1;1;1;1;1;2;1;1;1;1;1;2;1;1;1;1;2;1;1;3;2;1;1;2;1;2;1;2;1;2;1;1;1;2;1;2;1;1;1;2;1;2;1;1;2;1;1;1;2;1;2;3;1;2;1;1;1;1;1;1;1;1;1;1;2;1;1;1;4;1;1;1;2;1;4;1;1;1;1;1;1;1;2;1;2;1;1;1;2;1;2;1;2;1;1;1;2;3;1;2;1;1;1;1;1;1;2;1;1;1;1;1;1;1;1;2;1;1;1;1;1;1;1;1;1"
35,0,566,"1;2;2;4;1;2;1;3;2;1;1;1;4;1;1;1;1;1;2;2;1;1;1;1;1;1;2;2;1;2;1;3;1;1;3;1;1;1;1;2;1;1;1;1;1;3;1;1;1;1;1;1;2;1;2;2;1;3;1;1;1;1;2;1;1;1;2;2;1;4;3;1;2;1;2;2;3;1;1;4;1;2;2;2;1;4;1;2;2;2;1;3;1;1;1;1;1;1;1;1;3;1;1;2;1;1;1;1;1;1;1;1;1;1;1;2;1;2;1;1;1;3;1;2;2;1;1;2;1;2;1;4;1;1;1;1;3;3;2;2;1;1;1;1;2;1;4;1;2;1;2;1;2;1;1;1;2;1;1;1;1;1;1;4;1;2;1;1;4;3;1;1;1;4;1;1;1;2;1;1;1;2;1;1;2;1;4;1;2;1;2;1;4;1;2;1;1;1;1;1;1;3;1;1;3;2;4;1;2;1;1;1;1;1;3;1;1;1;2;3;1;1;3;1;1;4;1;1;1;1;1;1;1;2;3;1;1;1;2;1;2;1;4;2;1;1;1;1;1;1;1;1;4;1;2;1;3;1;1;1;1;1;1;1;1;1;5;3;1;3;5;1;1;1;2;2;1;1;1;1;3;2;1;1;1;3;1;1;2;1;1;1;1;1;1;1;1;1;2;1;1;1;1;1;1;2;1;2;1;1;2;1;1;1;1;1;1;1;2;2;1;1;3;1;1;2;1;2;2;1;1;1;1;1;1;4;3;6;1;1;2;1;1;2;1;1;1;1;1;1;6;2;2;4;3;1;1;1;1;1;1;1;1;1;1;1;1;1;1;1;1;2;1;3;1;2;1;1;1;2;2;1;1;1;2;1;1;1;2;1;2;1;1;1;1;1;4;3;4;1;1;1;1;1;1;1;1;1;1;1;1;1;2;1;4;1;1;1;1;1;1;1;1;1;1;1;1;1;1;1;1;2;4;1;1;1;2;1;3;2;1;1;3;1;1;1;1;1;1;5;2;2;1;2;1;1;2;1;1;1;1;2;1;1;1;2;3;4;1;2;1;4;1;2;1;1;1;1;1;1;1;1;2;3;1;1;2;2;1;1;2;1;1;1;1;1;1;1;1;1;1;2;2;5;3;1;2;1;1;1;1;1;1;1;3;1;1;1;2;3;1;1;2;1;3;1;1;1;1;1;1;1;1;1;1;1;1;2;1;1;4;1;3;2;1;1;1;2;3;1;1;1;2;1;2;1;1;1;1;2;1;2;1;1;2;1"
36,0,525,"1;1;2;1;1;1;1;1;2;1;1;1;1;1;3;1;2;1;1;1;1;5;1;1;1;1;1;2;1;2;2;1;1;1;1;2;1;1;1;1;1;2;1;2;1;1;3;1;1;2;2;1;1;1;2;2;1;2;2;1;1;1;1;1;2;1;1;1;2;2;1;1;3;1;1;1;1;1;2;1;1;1;2;1;1;1;1;1;1;1;2;1;2;2;2;1;1;1;1;1;1;2;1;1;1;1;1;1;1;1;1;2;1;1;2;1;1;1;2;1;1;1;2;1;2;1;1;1;1;1;3;4;1;1;1;2;2;2;1;1;1;1;1;1;1;1;1;1;3;2;1;1;1;1;1;1;1;1;1;1;1;1;2;1;1;1;1;1;1;1;2;1;3;1;1;1;2;2;2;1;2;1;1;1;1;1;1;1;2;1;1;1;2;1;2;1;3;1;1;1;3;1;2;2;1;1;1;1;1;1;1;1;1;1;1;1;1;1;2;1;1;1;1;1;2;1;2;2;1;1;3;2;2;1;1;1;1;1;2;1;1;1;1;1;1;1;1;1;1;4;1;1;1;1;2;1;1;2;1;2;1;2;2;1;1;2;1;1;1;2;1;1;1;1;1;1;2;1;1;2;1;1;2;1;1;2;1;1;1;1;1;1;1;2;1;1;1;1;1;1;1;3;2;2;1;1;1;1;2;1;1;1;1;2;2;1;1;2;1;1;1;1;1;1;1;1;1;1;1;1;1;1;1;1;1;1;1;2;1;1;1;1;2;2;1;1;1;1;1;1;1;1;1;1;1;1;1;1;1;1;1;1;1;1;1;1;1;2;1;1;1;2;1;1;1;2;1;1;2;1;1;1;2;1;1;1;1;2;2;1;1;1;1;1;1;1;2;1;1;1;1;1;1;1;1;1;1;1;3;1;1;1;1;1;2;1;1;1;2;1;1;1;1;1;2;2;2;1;1;1;1;1;1;1;1;1;2;1;2;1;3;1;2;1;1;1;1;1;1;1;2;3;2;2;1;1;1;1;1;1;1;1;2;1;1;1;1;1;1;1;1;2;2;1;1;1;1;1;2;1;1;1;1;2;1;1;1;1;1;1;1;1;2;1;1;2;1;1;1;2;2;1;1;1;1;1;3;1;1;2;1;1;1;1;2;1;1;1;1;1;1;1;3;1;1"
37,0,117,"1;1;2;3;1;1;2;3;3;1;1;3;3;3;1;4;1;1;1;1;1;1;1;2;2;1;2;1;1;1;1;1;1;2;2;1;1;1;1;2;2;3;1;1;1;2;1;1;1;1;1;1;3;1;1;1;3;1;2;2;2;1;3;1;2;1;1;2;3;2;1;2;3;1;1;1;1;2;1;1;1;1;3;2;1;2;3;1;2;1;1;1;1;2;1;2;2;1;1;1;1;3;1;2;1;1;1;1;3;2;1;1;1;1;1;1;2"
38,0,752,"1;1;1;1;1;3;2;2;1;2;3;3;2;1;1;3;1;1;1;1;1;2;1;1;1;1;1;1;1;1;1;1;1;2;2;2;1;2;1;1;1;3;1;1;2;2;1;2;1;1;2;1;2;2;1;1;2;2;1;1;2;1;1;1;2;1;2;2;1;1;1;2;1;2;2;1;2;1;1;1;1;1;2;2;1;1;1;1;1;1;1;2;1;1;1;1;1;3;1;1;2;2;1;2;2;1;1;3;1;2;1;2;1;2;3;1;3;1;2;1;1;1;4;1;1;2;1;1;2;1;1;2;1;1;2;1;1;1;1;1;1;2;1;1;1;1;3;1;1;1;2;1;2;1;2;1;1;1;1;1;2;2;5;1;1;1;1;2;1;1;1;1;3;1;1;1;1;1;1;2;1;1;1;2;2;1;1;2;1;1;1;2;4;1;1;2;1;1;1;1;2;1;2;1;1;1;1;1;2;1;1;2;2;1;1;1;1;1;2;3;2;2;1;2;1;1;1;2;2;1;1;3;1;3;1;1;1;2;2;2;1;1;1;4;1;1;1;1;1;1;3;1;2;1;1;1;1;2;1;1;1;1;1;2;1;3;1;2;1;1;1;1;1;1;1;1;1;1;1;1;1;4;1;1;1;2;2;2;2;2;1;1;1;1;1;1;1;1;2;1;1;1;1;2;2;1;1;1;2;1;1;1;2;1;2;1;1;3;1;1;1;1;1;2;1;1;1;2;1;1;1;1;1;1;2;1;1;1;1;1;1;1;2;1;1;1;1;1;1;2;1;1;1;1;1;1;2;1;1;1;3;2;1;1;1;1;1;1;2;1;1;1;1;1;1;1;1;1;1;5;3;1;3;1;1;1;1;1;1;2;1;1;2;2;1;1;2;1;1;1;1;1;4;1;1;2;1;1;1;1;1;1;1;1;1;3;1;1;1;2;1;1;4;1;1;4;1;1;1;1;1;1;3;1;2;1;1;5;3;1;1;4;1;1;2;1;1;1;1;1;1;1;1;1;2;3;1;1;1;1;1;1;1;1;1;1;1;2;1;1;1;2;1;1;1;1;2;2;1;1;1;1;2;1;1;2;1;2;1;2;1;3;1;1;1;1;1;1;2;1;2;1;1;1;2;3;1;2;1;1;1;1;1;1;2;1;2;1;1;1;1;1;2;2;2;1;1;1;1;1;1;1;1;1;2;1;1;2;1;1;1;1;1;1;1;2;6;1;1;1;1;1;2;1;1;1;2;1;1;1;1;2;1;1;1;2;3;1;1;1;1;1;1;2;2;1;1;2;1;1;1;1;4;1;1;1;1;1;2;1;1;1;1;1;1;2;1;3;1;1;1;2;1;2;1;1;2;2;1;1;2;1;1;1;1;1;1;1;2;1;1;1;1;1;1;1;2;3;1;1;1;1;1;1;1;2;1;2;1;1;3;1;1;1;1;3;2;1;1;2;1;1;2;1;1;2;1;1;1;3;1;2;1;1;1;2;1;1;1;1;1;1;1;1;2;1;1;1;1;3;1;1;2;2;1;2;1;1;1;1;2;1;3;1;1;1;1;1;1;2;1;1;1;1;1;2;3;1;1;1;2;1;1;2;1;1;1;1;1;1;1;1;1;1;1;1;2;1;1;1;1;1;1;2;1;1;1;1;1;1;1;1;2;2;2;1;1;1;2;1;1;1"
39,0,237,"1;1;1;2;1;2;1;3;3;3;1;1;2;3;2;1;1;2;4;1;1;2;2;1;1;2;1;1;1;1;1;3;1;1;1;1;1;1;1;3;5;2;4;1;2;1;1;4;1;1;1;2;1;1;1;2;3;1;2;2;3;1;1;1;1;2;1;2;1;1;2;1;2;3;1;2;1;1;2;1;1;1;2;1;1;1;1;2;1;1;2;1;1;1;1;4;1;2;2;2;2;1;1;1;2;1;1;3;1;2;3;3;1;2;1;1;1;1;2;3;1;1;1;1;4;1;2;1;1;1;1;3;1;1;1;1;2;1;1;1;1;1;1;1;1;3;1;3;1;1;1;3;1;2;2;2;1;2;1;1;3;1;1;1;1;1;1;1;1;1;2;1;3;3;2;1;1;2;1;4;3;1;1;1;1;1;4;1;1;1;2;1;1;2;2;1;1;1;2;1;1;1;2;2;1;1;1;1;2;1;1;2;1;1;1;1;1;1;1;1;3;1;1;1;1;1;1;2;1;1;1;1;2;5;1;3;1"
40,0,47,"1;4;2;1;2;2;1;3;1;1;1;1;2;2;1;1;2;1;1;1;1;3;1;1;2;1;1;1;1;1;1;1;3;1;2;1;1;1;2;2;2;1;1;3;1;1;1"
41,0,243,"1;2;2;2;1;1;1;1;1;1;2;4;1;1;1;1;1;1;1;2;1;3;1;3;1;1;2;1;1;1;1;1;1;1;1;1;1;1;1;1;1;1;2;1;1;1;2;1;2;1;1;1;2;1;1;1;1;2;1;1;4;1;1;1;1;1;1;1;1;1;1;1;2;1;2;1;2;3;2;1;1;2;2;1;1;1;2;1;1;1;1;1;1;2;2;1;1;2;1;1;2;3;1;2;2;1;1;4;1;1;2;2;1;2;1;2;1;1;1;1;2;1;1;1;1;1;1;1;1;2;1;4;1;1;2;1;1;1;4;1;1;1;3;1;4;1;2;1;1;2;2;2;1;1;1;2;3;1;3;2;1;1;1;2;3;1;1;1;2;1;1;4;4;2;3;2;3;1;1;2;2;2;1;2;1;1;2;1;1;1;1;3;1;2;1;4;1;1;2;1;1;1;1;1;2;1;1;1;1;2;1;1;1;2;1;1;1;2;1;2;2;1;1;1;1;1;1;1;1;1;1;1;1;2;2;1;6;2;1;2;2;1;1"
42,0,459,"1;1;1;2;4;3;1;3;1;1;2;1;1;2;1;1;1;2;2;1;1;1;1;1;2;1;2;3;2;4;3;2;1;1;1;1;1;1;1;3;1;1;4;3;4;1;5;3;1;1;1;1;1;1;1;1;1;1;1;1;1;1;1;1;1;1;1;3;1;1;1;3;1;1;1;1;1;1;1;2;1;1;1;1;2;1;1;2;1;3;1;1;1;2;1;1;1;1;1;2;1;2;1;1;3;1;1;1;1;3;3;1;1;1;1;1;1;1;3;1;2;2;1;1;1;1;1;1;1;3;1;2;1;2;3;1;1;1;1;1;1;1;1;2;1;3;2;1;2;1;3;1;2;1;1;1;2;1;1;1;1;1;2;2;3;2;1;1;2;1;4;2;1;1;2;3;1;2;1;3;3;1;1;3;4;1;1;2;4;2;1;1;3;1;2;2;3;3;1;1;1;1;1;3;1;1;1;1;1;1;2;1;1;3;1;1;4;3;1;2;1;1;2;1;1;2;1;1;2;1;1;1;1;2;1;3;1;1;1;2;1;1;2;1;1;2;1;2;1;2;4;1;1;1;3;2;1;1;2;1;1;1;1;3;2;2;1;1;3;1;1;1;1;1;4;2;1;1;5;2;2;1;2;1;1;1;1;1;3;2;1;1;1;1;4;2;4;1;1;1;1;3;1;3;1;1;1;3;3;2;2;1;1;1;2;1;2;5;3;2;1;2;2;2;1;1;1;1;1;3;1;1;2;1;1;2;1;1;1;2;1;1;1;1;2;1;1;1;1;3;1;1;2;1;1;1;2;1;1;1;1;2;1;2;2;1;1;1;1;2;1;1;1;1;2;2;3;1;4;2;1;1;1;2;1;3;1;1;1;5;1;3;1;2;2;2;1;1;1;1;2;1;3;1;2;1;1;1;1;2;1;1;1;1;2;1;1;1;2;1;1;1;2;2;1;1;1;1;2;1;1;2;1;2;1;1;1;1;1;2;2;1;1;1;1;1;2;1;1;1;1;1;1;2;1;1;2;1;1"
43,0,135,"1;1;1;1;1;1;1;2;1;1;1;1;1;1;3;1;3;1;1;2;2;1;1;3;2;1;1;2;1;1;1;2;2;1;1;1;1;1;1;1;3;1;1;2;1;1;3;1;4;1;2;1;1;2;2;4;2;3;1;3;2;4;3;1;1;1;2;5;1;2;1;1;1;2;2;2;1;1;1;1;1;2;1;2;3;1;1;2;1;1;1;2;2;3;1;2;1;1;1;2;1;3;1;2;2;1;2;1;2;1;1;1;1;2;1;1;1;2;1;2;1;4;1;1;2;1;1;1;1;1;2;1;1;1;1"
44,0,316,"1;3;1;3;1;1;1;1;4;1;1;2;1;3;2;1;1;1;1;1;1;1;1;1;1;1;3;1;1;4;1;1;3;1;2;1;1;2;1;3;2;1;2;1;4;1;2;2;1;2;2;1;1;1;1;1;1;1;1;1;1;1;1;2;2;1;1;2;1;1;1;1;2;1;2;3;4;1;1;4;1;1;3;1;2;1;5;1;2;2;1;3;1;1;1;2;1;1;1;1;1;1;2;2;1;2;1;1;1;1;5;2;1;1;1;1;1;1;1;1;1;1;1;3;2;3;2;2;2;1;3;3;1;1;5;4;3;1;6;2;1;1;1;1;1;3;1;1;1;1;1;1;3;3;3;2;2;1;2;2;1;1;3;1;1;3;1;1;1;1;3;2;1;1;2;1;1;1;4;2;1;2;2;5;1;1;1;1;1;5;1;1;1;3;1;2;1;1;1;3;1;1;1;1;1;1;1;2;1;1;2;3;1;1;2;2;1;1;1;1;2;2;1;2;1;1;1;1;3;2;2;2;1;2;1;2;1;3;1;2;2;2;2;1;4;4;5;4;1;1;1;1;2;2;2;1;1;1;1;2;1;1;2;1;1;1;1;1;2;3;5;1;2;2;1;1;1;1;1;1;1;1;2;1;1;1;2;1;1;1;1;1;1;2;1;2;1;1;1;1;1;3;1;2;1;1;2;1;3;2;1;1;3;1;2;4"
45,0,127,"1;1;2;1;2;2;1;1;1;5;1;1;3;1;1;1;1;4;1;1;4;1;4;3;2;3;6;2;4;1;2;2;2;1;1;2;1;4;1;1;2;1;2;1;4;1;2;1;2;2;2;1;2;3;6;3;2;2;1;3;2;1;2;1;2;2;4;4;1;2;2;2;1;5;3;5;2;3;3;5;5;2;3;2;1;5;5;1;2;1;1;1;2;1;1;2;1;1;1;1;2;1;2;1;1;1;2;1;4;1;2;2;1;1;1;2;1;4;1;1;1;2;1;2;1;2;2"
46,0,69,"1;1;1;1;1;4;1;1;1;3;1;3;1;1;2;3;1;1;4;1;2;2;3;1;1;1;1;5;1;1;1;1;2;1;1;3;1;2;1;1;3;2;2;1;1;1;1;1;2;1;1;3;2;1;1;1;2;2;1;1;3;1;1;4;1;1;3;3;1"
47,0,456,"2;1;1;3;1;2;1;2;3;1;1;1;2;1;2;2;1;1;2;2;1;3;2;1;1;2;1;1;3;1;3;1;1;1;1;1;1;1;2;1;1;1;1;1;1;2;1;1;1;1;2;1;1;1;2;1;2;3;2;1;3;3;2;1;1;1;1;1;2;2;4;1;3;2;1;1;2;2;3;2;1;3;1;2;3;1;2;3;2;1;4;1;1;5;3;2;1;1;1;1;1;3;3;2;1;1;1;2;1;1;1;2;2;1;1;1;1;3;1;3;1;1;2;1;1;1;3;2;2;4;3;1;1;1;1;6;1;1;1;1;2;3;1;3;3;1;1;2;3;1;3;2;2;1;3;2;2;2;3;3;1;1;1;1;1;2;1;1;1;1;2;1;2;1;2;1;3;1;2;2;1;1;2;3;2;3;2;1;6;1;4;1;4;1;3;2;1;2;2;1;1;3;1;3;2;2;2;1;4;3;3;3;3;1;8;2;1;1;1;4;5;3;1;2;2;1;1;3;3;1;3;3;1;2;2;2;1;3;2;1;1;2;5;1;3;1;3;4;3;1;1;4;2;3;1;3;1;1;4;4;2;1;3;2;2;3;1;3;1;4;1;1;1;1;1;2;2;1;4;1;2;2;4;1;1;1;1;1;1;1;2;2;2;1;1;1;1;3;1;1;1;1;1;2;2;1;1;2;2;1;3;1;1;1;1;1;2;2;1;2;1;1;1;2;1;1;1;1;1;1;2;1;1;1;2;3;2;4;1;1;5;3;1;1;2;1;1;2;1;1;3;1;2;2;2;1;1;1;1;2;4;1;3;1;3;1;4;2;2;3;2;1;2;1;3;4;1;1;3;1;1;1;1;1;1;2;1;1;2;2;1;2;1;1;1;1;1;2;3;1;1;1;1;2;4;1;2;2;2;2;1;2;1;1;1;1;1;1;1;1;2;2;1;1;1;1;1;1;1;1;1;1;1;1;1;1;1;1;4;2;3;3;1;1;1;1;1;1;1;1;1;1;1;1;1;2"
48,0,41,"1;1;1;1;1;2;5;2;4;1;4;1;3;1;1;1;3;1;2;2;1;1;2;5;2;1;2;7;1;1;1;2;2;1;1;5;1;1;2;1;1"
49,0,307,"1;1;1;1;2;2;1;2;2;3;1;1;3;5;1;2;2;1;1;1;2;1;1;3;1;2;3;2;5;1;1;1;2;1;4;1;1;1;1;3;1;2;1;1;1;1;2;1;3;1;3;4;1;1;3;2;3;1;3;1;1;3;5;1;1;2;3;1;1;1;1;1;2;1;1;1;2;1;1;1;1;1;1;3;1;1;1;1;3;5;2;1;2;2;1;2;1;1;1;2;1;1;1;3;1;1;1;3;1;1;1;3;1;2;1;1;4;1;1;2;4;1;1;1;2;3;1;1;2;1;4;4;1;3;2;2;1;1;1;1;1;2;1;4;1;3;1;2;1;3;1;5;1;1;1;4;1;1;1;1;1;1;1;1;2;3;1;1;3;1;2;2;1;1;1;3;1;3;2;3;1;5;1;2;1;3;2;2;3;1;3;1;2;1;1;2;3;1;1;1;1;1;1;3;2;1;1;4;1;1;3;3;3;1;2;1;1;1;1;2;2;1;1;6;1;3;2;1;2;4;1;2;1;3;2;2;2;2;3;1;1;1;3;2;1;3;1;1;2;5;2;4;1;1;2;2;3;1;1;3;2;2;2;1;1;2;4;2;4;1;1;1;1;1;1;5;1;1;3;1;1;2;5;1;1;2;1;8;2;2;3;3;1;1;1;1;1;1;1;1;2;1;3;1;2;1;1"
50,0,441,"1;3;2;2;2;2;2;2;1;1;1;1;1;3;2;1;1;1;1;1;1;2;1;1;1;1;1;6;1;1;1;3;1;3;1;5;1;2;4;1;1;1;1;1;1;2;1;1;1;1;4;1;1;3;3;1;6;2;1;2;1;1;1;2;1;1;1;1;1;2;1;4;1;3;2;1;2;3;1;3;2;2;1;3;1;2;2;1;3;3;1;1;2;1;4;2;1;1;3;4;1;1;1;1;2;3;1;2;2;1;1;1;1;2;1;2;2;1;4;2;1;4;1;1;1;3;1;1;1;1;3;3;1;3;2;3;1;1;2;1;1;1;1;1;2;1;1;2;1;1;1;3;1;2;1;1;1;2;1;1;1;1;2;2;2;2;1;1;4;1;1;3;1;3;3;1;1;1;3;2;2;1;1;5;1;3;2;1;1;4;1;1;4;1;2;1;2;2;2;1;3;2;1;1;2;4;1;2;1;1;2;1;1;1;1;1;3;1;1;1;1;2;2;2;1;1;1;2;1;2;2;1;1;1;1;1;2;2;4;1;1;1;3;1;2;2;2;1;2;1;2;1;4;1;4;1;2;1;2;2;1;1;3;1;1;2;3;1;1;1;3;1;2;1;1;1;1;1;1;1;1;1;1;3;1;1;1;3;1;3;1;1;1;4;2;3;1;1;1;2;2;3;1;2;1;1;2;1;1;1;5;1;1;1;1;2;1;3;2;1;1;4;5;1;1;2;2;1;3;1;2;1;4;1;1;2;1;1;2;1;1;1;1;1;1;2;1;1;1;1;2;1;2;2;1;1;1;3;2;1;2;1;2;1;1;1;2;1;2;1;2;1;2;2;2;1;2;2;2;1;2;1;2;1;1;1;1;1;1;1;1;1;1;2;1;1;2;2;1;1;1;1;1;1;1;1;1;2;1;2;1;1;1;2;1;1;3;1;2;1;1;1;2;1;2;1;3;2;1;1;1;2;2;1;1;4;2;3;2;1;2"
51,0,264,"3;1;1;2;1;1;1;2;1;1;1;1;1;2;1;2;5;1;1;1;4;4;1;1;1;1;1;1;1;1;1;2;2;1;1;2;1;2;1;1;5;1;2;1;3;1;4;1;1;4;1;2;1;1;1;1;2;1;2;2;1;1;1;1;1;1;2;1;2;1;1;2;1;1;2;4;3;1;2;2;2;1;2;2;1;3;1;1;1;2;3;1;1;3;1;1;1;2;1;1;1;3;1;1;1;1;2;1;3;2;2;2;2;1;2;1;1;2;1;2;1;1;2;1;1;1;1;1;1;2;2;1;2;3;1;1;1;1;1;1;2;1;1;1;3;1;1;2;2;1;2;1;1;1;2;1;1;1;2;2;1;3;1;1;1;1;1;1;1;1;1;2;2;1;1;1;2;1;1;1;1;2;1;1;2;2;1;1;1;1;2;1;1;2;1;2;1;1;1;2;2;1;1;2;2;1;1;1;1;1;1;1;2;1;1;1;2;1;1;1;1;1;1;2;2;1;1;1;3;2;1;1;2;1;1;2;1;1;1;1;2;1;1;1;1;1;1;2;1;1;1;2;3;1;1;4;1;1;2;2;2;1;1;1"
52,0,313,"1;3;1;1;1;1;1;1;1;2;3;1;3;1;3;1;4;1;1;1;1;2;1;1;2;2;2;1;1;3;1;1;1;1;2;1;4;2;1;2;2;1;1;1;1;3;1;1;3;1;1;1;1;1;3;3;8;1;2;1;1;3;1;3;1;1;1;1;1;1;2;1;1;4;1;1;4;1;3;3;1;2;4;1;1;1;1;1;1;2;3;1;1;1;1;2;3;1;1;2;1;1;1;2;1;1;3;1;1;1;2;2;2;1;2;2;1;1;1;1;2;1;1;2;2;1;5;1;1;2;1;2;3;1;1;1;1;1;2;4;1;2;3;3;1;1;2;2;2;2;1;3;2;2;3;1;1;4;2;3;1;2;1;1;1;2;1;1;2;2;1;3;1;3;3;1;1;1;2;2;2;1;1;1;1;2;1;1;2;1;1;2;2;3;1;2;1;2;1;1;1;1;2;2;2;1;2;3;1;2;1;2;3;2;1;1;2;1;2;1;1;1;2;1;2;1;3;2;2;1;2;1;1;2;1;2;1;1;2;2;1;1;1;1;1;1;2;2;2;1;1;1;2;1;4;1;4;2;1;1;1;2;1;1;1;5;3;1;1;1;2;1;1;1;2;2;1;2;2;1;1;1;3;1;1;2;1;2;1;1;1;2;1;2;3;1;1;3;2;1;2;2;1;1;1;2;1;1;1;3;1;2;1"
53,0,475,"1;1;2;5;3;1;2;2;1;1;1;2;1;1;1;3;1;1;1;1;1;2;1;1;1;1;2;1;1;2;2;1;1;2;1;1;2;2;1;1;1;1;2;1;1;2;1;2;2;1;2;1;3;1;2;3;1;1;2;1;3;2;2;1;1;2;1;1;1;2;1;1;1;1;1;1;1;3;1;1;1;1;1;1;1;1;2;1;1;1;2;1;1;2;2;1;1;1;1;1;2;1;1;1;1;1;1;1;1;1;1;1;1;2;1;1;3;1;1;1;1;1;1;2;1;1;1;2;2;2;1;1;1;2;1;1;1;1;1;1;2;3;2;2;1;1;2;1;1;1;2;1;1;1;2;1;1;1;1;1;2;2;1;1;1;1;1;2;1;1;1;1;1;1;1;1;2;1;3;3;1;1;1;1;2;2;1;1;1;2;1;1;1;1;2;3;1;1;1;2;1;1;1;2;1;2;1;2;1;1;2;1;1;1;1;2;1;2;2;1;1;1;1;2;1;1;1;1;1;1;1;1;1;1;1;2;1;1;1;1;1;2;1;1;3;1;1;1;1;1;2;1;1;2;1;1;1;1;2;1;1;1;2;1;1;1;2;1;1;1;1;1;2;1;1;1;1;2;1;2;1;1;1;1;1;1;1;1;1;1;2;1;1;2;2;1;2;1;1;1;2;1;1;1;1;2;1;1;1;1;2;2;2;1;1;2;2;1;2;1;1;1;1;1;1;1;1;1;1;2;1;1;1;1;2;1;1;1;1;1;1;2;2;1;1;2;2;1;1;1;1;1;1;2;1;1;1;1;1;1;1;1;2;2;1;2;1;1;1;1;1;3;1;1;1;1;1;1;1;1;1;2;1;1;1;1;1;2;1;1;1;1;1;1;2;1;1;1;2;1;1;1;1;1;2;1;1;2;2;1;2;1;1;2;1;2;1;1;2;1;1;1;1;1;1;1;1;1;2;1;2;1;1;1;1;2;1;2;1;1;3;1;1;1;1;1;1;3;1;1;1;1;1;1;1;1;1;1;2;1;1;1;2;1;1;1;1;2;1;1;2;1;1;1;1"
54,0,73,"1;2;1;1;3;1;1;3;2;2;3;1;4;1;1;2;1;1;3;2;2;1;1;1;1;1;3;2;1;4;2;1;1;2;5;1;2;2;4;1;1;1;1;2;3;1;3;2;2;3;2;1;2;2;2;2;1;1;1;2;1;1;1;2;2;1;1;1;3;2;1;2;1"
55,0,144,"1;1;1;1;1;1;2;3;3;1;1;1;1;1;1;1;1;1;1;1;1;1;1;1;3;3;2;1;1;1;1;1;1;1;1;1;1;2;2;2;1;2;1;3;1;1;2;1;1;2;1;5;4;2;2;1;1;5;5;2;1;2;2;3;1;1;1;2;3;4;2;2;1;2;4;5;1;1;1;1;1;1;2;1;1;2;2;1;1;1;1;1;5;2;3;3;1;1;1;3;4;2;3;1;2;2;5;1;1;1;1;2;4;1;1;2;1;2;3;2;1;1;2;1;5;2;1;5;1;1;2;2;1;2;1;2;5;1;1;3;2;3;4;1"
56,0,648,"2;1;3;1;2;4;2;5;6;1;1;4;1;2;1;1;1;1;1;2;1;1;1;1;3;1;1;1;1;1;1;1;2;5;1;1;3;1;2;3;1;1;1;1;2;3;2;1;1;1;1;1;1;1;2;1;1;1;1;5;1;1;6;1;2;1;1;4;2;1;4;1;1;3;1;1;1;3;2;1;2;1;1;1;1;2;4;1;1;2;1;1;1;2;4;1;1;4;2;2;1;1;1;2;2;2;1;1;3;1;1;1;1;2;1;2;2;2;1;2;1;1;1;1;3;2;2;3;2;3;1;1;1;3;3;1;3;1;1;1;4;1;1;1;1;1;2;5;1;1;2;1;1;1;1;1;1;1;1;1;1;1;1;3;3;1;2;1;1;2;2;1;1;2;1;1;1;1;1;1;1;1;1;1;1;1;1;2;1;1;1;1;1;1;1;1;5;2;1;3;1;1;2;2;1;1;1;1;1;2;2;1;1;1;1;1;1;1;3;1;1;1;2;1;1;2;1;2;1;1;3;1;1;1;1;1;1;1;1;2;1;6;3;1;1;1;1;2;1;3;3;1;2;1;1;2;1;2;3;1;1;1;1;1;2;2;1;2;2;3;1;1;3;2;3;2;1;2;1;1;1;1;1;3;1;2;3;1;1;2;1;2;1;1;4;1;1;1;4;1;6;1;1;2;1;1;1;1;2;2;3;1;1;4;1;1;3;1;2;1;1;3;1;1;1;2;2;1;1;1;1;1;3;1;1;1;1;1;2;4;2;3;1;2;2;1;2;1;4;1;1;1;1;1;2;5;2;3;2;2;3;5;1;1;2;1;2;3;1;2;1;1;1;1;1;2;1;3;1;1;2;1;1;1;2;2;1;1;3;2;1;1;1;1;2;1;1;2;2;2;1;1;1;2;1;1;1;1;1;2;5;1;1;1;1;1;1;2;1;2;1;4;1;1;1;1;1;1;4;1;2;1;3;1;1;1;1;1;1;4;2;1;2;1;2;2;1;1;1;1;1;4;5;1;2;2;2;4;3;2;1;1;2;1;2;3;1;2;1;2;1;2;1;1;1;1;2;1;5;2;1;1;1;2;1;1;1;1;3;1;1;1;1;2;2;1;1;1;1;2;1;1;1;2;2;1;1;1;2;1;1;4;1;2;1;1;1;2;1;2;2;1;1;1;1;1;1;1;2;1;1;1;1;2;1;1;1;2;1;2;1;2;1;1;1;1;1;1;1;1;1;1;1;1;1;1;2;1;2;1;1;1;1;3;1;1;3;1;1;1;1;1;2;2;1;1;2;1;2;2;1;1;1;1;2;1;1;1;1;1;1;1;3;2;1;1;4;2;1;1;1;3;1;1;1;1;1;1;2;2;1;1;2;3;2;2;1;1;2;2;2;1;2;1;1;5;1;1;1;1;1;1;1;4;2;1;3;2;2;2;2;2;1;2;2;2;2;3"
57,0,200,"1;2;1;1;3;3;3;1;1;1;4;4;1;1;1;1;1;2;1;1;1;1;3;1;1;2;3;1;1;1;3;4;2;4;2;1;1;1;1;3;2;1;3;1;1;1;2;2;1;2;1;2;1;1;1;1;1;1;1;1;1;1;1;1;1;2;1;3;1;2;1;5;3;2;2;3;1;1;1;1;2;3;1;1;3;3;1;3;1;2;1;2;1;3;1;1;3;2;2;1;2;2;1;3;3;1;1;1;2;2;1;1;2;1;3;2;3;2;1;1;2;1;3;1;1;1;1;2;1;5;4;1;2;1;1;1;1;2;3;1;1;1;1;2;1;2;1;2;2;1;2;1;1;3;2;1;3;2;1;1;1;1;2;1;1;3;2;2;3;1;1;2;1;2;2;2;4;2;1;4;2;3;3;1;2;1;1;2;1;1;2;2;1;1;1;1;1;2;2;1"
58,0,312,"1;1;1;1;1;1;2;1;1;2;1;4;3;3;1;1;5;2;1;1;2;2;8;1;1;1;1;1;1;1;2;3;3;4;1;1;1;1;1;2;1;3;1;2;1;1;2;1;1;3;1;1;1;1;2;1;1;1;1;1;2;1;1;1;2;1;1;1;2;1;1;1;2;1;2;1;2;2;1;1;3;1;1;1;2;4;1;1;1;1;1;1;1;1;3;2;1;1;1;2;1;1;1;1;2;1;1;2;1;1;1;2;2;2;1;7;1;1;1;2;3;1;1;1;1;1;1;1;1;1;1;1;1;2;1;1;1;2;1;1;1;1;2;1;1;1;2;1;1;1;1;1;1;1;2;2;1;1;1;1;1;1;1;3;1;1;3;1;2;1;2;2;2;1;3;2;3;1;4;5;1;2;5;2;2;1;1;2;2;1;1;1;1;1;2;1;2;1;1;2;1;1;1;2;1;2;1;1;1;1;1;1;3;1;1;1;2;3;1;1;2;3;2;1;2;1;1;1;1;1;1;2;1;1;1;1;2;1;1;2;1;2;1;1;1;1;1;1;1;1;1;1;1;2;2;1;1;1;1;1;3;1;1;2;1;2;2;1;1;1;1;3;1;2;1;1;1;1;1;2;1;3;2;1;1;1;2;1;1;1;2;1;1;1;1;1;1;4;1;1;3;1;1;1;1;1;1;2;2;1;1;1"
59,0,16,"1;1;1;1;3;1;2;1;1;1;1;2;1;2;3;1"
60,0,668,"1;1;1;1;3;1;1;1;3;1;1;4;2;1;1;1;1;1;1;1;1;1;2;1;2;1;3;1;1;1;1;1;3;2;1;1;1;2;1;3;1;1;2;1;2;1;1;1;3;1;1;1;1;4;2;1;1;2;2;1;1;1;1;1;1;1;1;2;1;4;2;1;2;1;1;2;2;1;2;1;1;1;1;1;2;2;4;2;1;1;1;1;3;4;1;1;1;2;1;2;1;1;2;1;2;1;1;1;1;2;1;1;1;1;1;1;2;1;1;6;1;1;1;2;1;1;1;1;1;1;1;2;1;2;2;1;1;2;1;2;2;1;1;1;1;1;1;4;1;2;2;4;1;2;1;1;2;1;3;1;1;1;1;1;1;1;1;1;2;1;1;1;1;1;1;1;1;1;1;1;2;2;5;2;1;1;1;2;2;1;1;1;1;2;1;1;3;1;2;1;1;1;1;1;1;1;1;1;2;2;1;1;3;3;2;1;1;1;1;2;1;1;1;5;2;1;1;2;1;1;1;1;3;1;2;1;1;3;1;3;2;2;1;1;1;3;2;1;1;1;1;1;2;1;1;1;1;5;2;1;1;1;3;2;1;2;2;1;3;1;2;2;1;1;1;5;3;1;2;1;1;1;1;1;1;3;1;2;1;2;1;1;1;1;1;3;2;1;1;1;1;2;1;1;2;1;1;2;3;1;2;2;2;1;1;2;1;1;1;1;1;2;1;3;1;2;1;3;1;3;1;2;1;1;1;1;3;2;1;1;1;3;1;2;1;1;1;2;3;1;1;1;1;1;1;1;1;4;1;1;2;1;2;1;2;2;2;1;1;1;1;1;2;1;3;3;2;1;2;2;1;1;2;1;5;1;4;1;4;1;1;1;3;1;3;1;3;1;4;1;3;3;2;1;1;1;1;2;3;1;1;1;1;1;1;2;1;1;1;1;2;2;4;2;2;3;2;1;1;1;1;1;1;1;1;3;1;1;2;1;2;1;2;1;5;1;1;1;2;1;1;1;1;2;1;1;2;5;1;2;2;1;2;2;1;1;1;1;3;3;2;1;2;1;1;1;1;1;2;3;1;2;1;1;1;2;1;3;3;1;1;2;1;2;2;2;2;4;1;1;1;1;1;1;1;1;1;1;1;1;1;3;1;1;1;1;1;1;1;1;1;1;1;1;1;1;1;2;1;3;1;1;1;1;1;1;1;3;2;1;2;2;2;1;3;1;2;2;2;3;1;1;1;1;1;1;1;3;1;2;1;2;2;1;1;2;1;1;1;1;3;1;1;2;2;1;1;1;2;3;1;1;1;1;1;4;1;2;2;1;2;2;1;1;1;1;1;3;1;1;2;3;1;2;2;1;1;1;1;1;1;1;2;1;1;1;2;1;1;3;2;4;1;1;2;1;1;2;2;1;1;2;1;1;1;2;2;5;1;1;1;1;1;1;1;1;2;3;1;1;1;1;1;1;2;3;2;1;5;1;4;1;1;1;4;1;4;2"
61,0,376,"3;1;1;5;3;1;2;1;1;1;1;1;1;1;4;1;1;1;2;2;1;1;2;1;1;1;1;1;1;3;1;1;1;5;4;1;2;1;1;1;2;5;3;6;1;2;2;2;3;1;1;1;2;2;1;2;3;2;1;1;1;1;1;1;1;2;2;2;1;1;3;2;1;2;2;1;2;3;2;1;1;1;1;1;1;2;2;1;1;1;2;2;3;1;1;3;2;1;1;1;2;2;1;1;2;1;1;1;2;2;2;1;1;2;3;1;1;1;2;1;6;1;2;2;2;2;1;3;2;1;1;2;2;1;1;1;4;1;3;2;2;2;1;1;2;2;2;2;1;1;2;2;2;1;1;2;2;2;2;1;1;1;1;1;1;3;1;3;2;1;3;2;2;1;1;2;1;1;2;1;1;1;1;1;1;1;3;2;1;1;1;2;1;1;1;1;1;1;2;1;2;1;1;2;3;1;1;2;1;2;1;1;1;2;1;2;2;1;1;2;2;1;1;2;2;2;2;1;1;3;1;1;3;1;1;1;2;1;2;2;1;1;2;1;1;1;1;1;2;1;1;1;2;1;1;3;1;1;3;1;2;2;1;2;2;2;1;4;1;1;1;1;1;1;1;1;2;1;3;2;1;1;1;1;2;1;1;2;1;1;1;1;2;4;3;1;1;1;2;1;2;2;2;2;1;1;2;4;3;2;1;1;1;1;2;1;1;2;1;3;1;1;1;2;2;1;2;2;1;1;1;2;2;2;1;1;1;1;2;1;1;1;2;1;2;1;1;1;1;2;1;1;2;1;1;1;1;2;1;1;1;1;1;2;1;1;1;2;2;3;1;1;1;1;4;2"
62,0,300,"2;3;2;1;2;1;2;1;1;1;2;1;3;1;3;1;1;1;1;1;1;3;2;1;1;1;1;2;1;1;1;2;2;1;2;1;1;2;1;1;2;2;2;3;2;1;1;1;2;1;3;1;1;3;1;1;1;1;1;3;1;4;1;2;1;1;1;1;1;1;1;2;1;1;5;2;2;2;1;1;1;1;1;2;1;1;4;1;1;3;2;1;1;1;1;2;4;1;2;1;1;3;3;1;1;1;2;2;1;1;3;1;1;1;1;1;1;1;1;1;2;1;3;2;2;1;1;1;1;2;2;1;3;1;1;1;1;1;1;3;1;2;1;1;1;2;1;1;1;1;1;1;2;1;1;3;1;2;1;2;1;1;1;1;1;1;3;1;1;1;3;1;1;3;1;1;4;2;5;1;1;1;1;2;2;1;4;1;3;1;1;1;1;1;1;2;1;3;1;1;1;2;1;2;1;2;2;1;1;1;1;1;1;1;3;1;1;2;1;1;1;2;1;1;1;1;1;1;1;1;2;1;2;1;3;1;1;1;1;1;1;1;1;2;2;1;1;2;1;1;2;2;1;1;1;1;1;1;1;1;1;1;2;1;1;1;1;1;1;2;1;1;1;1;1;1;3;2;1;1;1;1;1;1;1;2;1;1;1;1;1;1;1;1;2;1;2;1;2;1"
63,0,26,"1;1;1;1;1;3;2;3;2;1;1;1;1;1;1;1;1;2;2;1;1;2;1;1;1;1"
64,0,82,"1;1;2;1;1;1;1;1;1;1;2;5;2;1;1;1;2;3;2;1;1;1;1;2;5;2;3;3;1;1;1;1;1;1;1;1;1;2;1;1;2;2;1;1;2;1;1;2;1;4;1;1;1;4;1;1;1;1;1;1;1;1;1;1;1;1;1;2;2;1;1;1;2;1;1;1;1;1;1;1;1;1"
65,0,413,"1;1;1;1;3;3;1;1;2;1;1;1;1;4;1;1;3;1;2;3;1;1;1;2;2;2;1;2;5;1;3;2;1;1;1;2;1;2;1;1;1;1;1;1;2;2;2;1;1;2;1;2;2;1;2;1;1;1;1;1;2;1;1;1;2;1;2;1;1;3;2;1;1;2;1;2;2;1;2;1;1;1;3;1;2;1;2;1;2;1;2;1;1;1;2;1;4;2;1;1;1;1;1;1;3;1;1;1;2;2;1;1;4;1;3;2;1;3;1;1;3;1;3;1;1;1;1;1;1;1;1;1;1;1;1;1;1;1;2;2;2;1;1;1;1;1;2;2;1;1;1;1;1;1;1;3;1;1;1;3;1;2;1;2;2;1;2;2;1;2;1;1;1;2;1;2;1;1;1;1;1;1;1;1;1;1;2;1;2;1;3;1;2;1;1;1;1;1;2;2;2;1;2;2;1;1;1;1;2;1;1;1;1;1;1;1;2;1;2;1;1;2;1;2;1;4;1;2;2;1;1;1;1;1;1;1;1;1;1;1;1;2;1;2;1;3;1;3;1;1;2;1;1;2;1;2;1;1;1;2;1;1;1;1;1;1;1;2;1;1;1;2;1;3;1;1;1;1;1;1;2;1;1;4;1;1;3;1;1;1;4;1;1;3;1;1;1;2;1;1;1;3;1;1;2;1;1;1;1;2;1;2;1;1;3;1;2;2;2;1;2;2;1;1;1;1;1;2;1;1;2;1;3;1;1;2;1;1;1;1;2;1;3;1;1;1;1;1;2;2;1;1;1;2;1;1;2;1;1;2;2;1;2;1;1;1;1;3;1;2;1;2;1;1;2;2;1;1;1;1;1;2;1;1;1;3;1;2;1;1;3;1;2;2;2;1;2;2;1;1;1;2;1;1;2;1;1;1;1;1;1;2;2"
66,0,361,"1;1;2;3;1;1;1;2;2;2;1;1;2;3;3;1;3;1;2;2;2;1;1;1;1;1;1;1;1;1;2;1;2;2;1;3;2;1;1;1;1;1;1;2;1;2;3;2;1;3;2;1;1;1;2;1;1;1;2;1;1;1;1;2;1;1;2;1;1;2;1;6;1;4;1;1;1;2;1;1;2;1;1;2;1;1;1;2;2;1;1;1;1;2;1;1;3;1;2;1;1;2;2;2;2;1;3;4;1;1;1;1;1;3;2;1;2;1;1;5;1;2;1;3;2;1;3;2;2;2;2;1;1;4;1;1;1;2;2;1;1;2;4;1;3;2;1;1;2;2;1;1;1;1;1;2;2;1;2;2;1;6;1;2;1;2;1;3;2;2;2;1;1;3;1;1;1;2;1;1;2;1;3;1;1;3;1;1;1;1;1;1;1;1;1;1;1;1;1;1;1;1;1;1;2;1;1;2;1;1;1;2;1;4;2;2;2;3;2;2;1;1;1;3;1;2;2;1;2;1;1;1;1;2;1;1;1;1;1;1;3;2;1;1;3;2;2;2;1;1;3;1;2;2;2;2;1;1;1;1;1;1;2;2;1;1;1;1;2;1;1;2;1;1;1;1;3;3;2;1;1;1;3;2;1;1;2;1;2;1;2;1;1;2;2;1;1;1;1;1;1;2;2;1;2;4;1;1;2;1;2;2;1;1;1;2;1;1;2;2;3;1;1;1;1;2;1;1;1;1;1;1;1;1;1;2;1;1;1;1;1;1;1;1;2;2;1;3;1;1;1;1;1;1;1;1;1;1;1;1;3"
67,0,310,"2;1;1;3;2;2;1;1;1;2;1;2;1;1;1;2;1;2;6;1;1;1;1;2;1;1;1;2;1;1;3;1;2;2;2;2;1;1;1;2;1;3;1;1;1;2;1;2;1;1;1;3;1;1;1;3;2;1;3;2;1;2;2;1;1;1;1;1;2;1;1;1;1;1;1;2;2;2;1;1;1;1;4;1;2;1;2;2;2;2;1;1;1;1;2;2;3;1;1;3;1;1;2;1;1;2;1;2;1;1;2;2;1;1;1;1;1;2;2;1;1;1;2;2;2;1;2;1;1;1;1;1;1;2;2;1;1;2;1;1;1;2;1;1;1;2;1;1;1;3;4;1;2;1;2;1;1;3;2;1;1;1;1;3;1;2;1;2;1;1;1;2;1;1;1;1;1;1;3;1;1;1;1;1;4;1;1;1;2;2;1;1;1;1;1;1;1;1;1;1;2;1;2;1;1;1;1;1;1;2;1;2;1;1;2;1;2;2;1;1;1;1;2;1;1;1;2;3;1;1;1;1;2;2;1;1;1;1;1;2;1;2;2;1;1;1;2;2;3;4;1;1;1;2;2;2;1;2;2;1;1;1;2;3;1;1;1;1;2;2;1;1;1;1;2;1;1;1;1;1;1;2;1;1;1;1;1;2;1;2;1;2;1;1;4;2;2;1;1;2;2;1;2;1;3;2;1;2;1;2"
68,0,644,"1;1;1;1;4;1;3;1;2;2;3;2;1;1;2;1;1;1;1;1;2;3;1;1;1;1;3;1;3;2;1;2;1;1;2;1;1;1;2;1;3;2;1;1;1;1;2;2;1;3;2;1;1;1;4;1;1;1;1;1;5;1;1;2;2;1;2;2;1;1;3;2;1;3;1;1;1;1;1;1;2;1;2;1;5;1;1;1;1;3;4;2;1;1;1;2;1;2;2;1;1;1;1;1;1;3;4;2;2;1;2;2;1;1;1;1;1;1;1;2;1;1;1;1;2;3;1;1;3;3;1;3;1;1;1;1;3;2;2;1;2;1;1;2;1;1;1;1;1;1;1;3;2;1;1;3;4;1;1;1;1;2;1;5;4;5;2;3;1;4;3;1;1;1;1;1;1;2;1;1;1;1;1;2;1;1;2;1;3;1;1;1;3;1;1;1;1;1;1;1;1;2;1;2;1;1;1;2;1;2;1;1;1;1;2;1;1;1;2;4;2;3;1;4;2;3;2;1;2;1;1;1;2;1;1;1;1;1;1;1;1;1;2;1;1;1;1;1;1;1;2;1;1;4;2;3;1;1;1;1;1;1;4;2;2;6;1;1;3;1;3;3;2;1;1;1;4;2;1;2;1;4;2;1;2;1;1;1;2;1;1;2;1;3;1;2;1;2;2;1;2;1;1;1;2;1;3;1;1;1;1;2;1;1;3;1;2;3;1;1;1;2;1;1;1;3;1;2;1;1;1;2;2;2;1;1;1;2;1;4;1;4;3;3;3;1;2;2;2;1;2;1;2;1;1;3;1;1;1;2;1;3;1;2;1;1;2;1;1;2;1;1;2;2;2;1;1;2;1;1;2;2;2;4;1;4;1;1;6;1;2;1;1;1;1;2;1;1;1;3;5;1;1;2;1;1;1;1;1;3;1;1;1;2;1;2;2;4;1;2;1;1;4;3;1;1;1;2;1;1;2;1;1;1;2;1;1;1;1;1;2;2;1;1;2;1;1;2;1;1;1;2;1;2;1;1;1;2;1;3;1;3;1;1;2;1;2;3;1;2;1;2;2;1;3;3;1;1;3;2;1;1;1;1;2;1;1;2;1;1;3;1;3;5;1;2;1;2;2;2;2;5;1;5;4;1;1;3;2;1;2;1;1;1;1;1;2;1;1;3;2;1;1;3;1;1;2;1;1;2;1;3;1;2;2;1;1;1;1;2;1;5;1;1;1;1;2;1;2;1;1;1;1;1;1;1;1;1;1;1;2;1;2;1;1;2;1;1;1;4;1;2;1;1;1;1;1;2;1;1;1;1;1;1;1;2;1;2;1;1;2;1;1;1;1;1;1;1;1;2;1;4;1;1;2;1;1;1;1;3;1;1;4;1;1;4;1;1;2;1;1;1;1;1;1;1;2;1;1;1;3;1;2;2;1;2;1;1;1;1;3;1;3;1"
69,0,441,"1;1;1;1;3;1;1;2;1;2;3;1;1;2;1;1;1;1;2;1;1;1;3;1;3;1;2;1;3;1;1;1;1;2;1;5;1;1;1;1;1;1;1;1;1;1;1;1;1;1;2;1;1;1;1;4;1;1;2;1;1;2;1;1;1;1;1;1;1;1;1;1;1;1;3;1;1;1;2;1;1;1;2;1;1;1;4;1;1;1;1;1;1;1;2;3;1;1;1;1;1;1;1;1;1;5;1;4;1;1;1;1;1;1;1;1;2;1;1;1;1;2;3;2;1;1;1;2;1;1;1;1;1;1;1;1;1;1;2;3;1;2;3;2;1;1;2;1;1;1;1;2;1;1;1;1;2;2;5;1;1;1;1;2;1;3;2;1;1;1;1;1;1;1;1;1;2;3;1;1;1;1;1;1;1;1;1;1;4;1;1;1;1;1;2;3;1;1;1;1;1;2;1;1;1;1;2;1;3;1;2;1;4;1;1;2;1;1;2;1;4;1;1;1;2;1;2;1;1;1;3;2;1;1;1;1;2;1;1;1;1;1;1;1;4;1;1;1;3;1;1;1;1;3;1;1;1;2;3;1;1;2;1;1;1;1;1;1;1;1;1;5;1;1;1;1;2;1;1;1;1;1;1;1;1;2;1;1;1;1;1;3;1;1;1;1;4;2;1;1;1;1;1;1;1;1;1;2;1;1;2;2;1;1;2;1;2;1;1;1;1;2;1;1;1;1;1;1;1;1;1;1;1;2;1;1;1;1;1;1;4;1;1;1;2;1;1;1;2;2;1;1;1;1;1;3;1;1;1;2;1;1;1;1;1;1;2;5;1;1;1;1;1;1;1;1;1;1;1;2;1;1;1;3;1;2;2;1;1;1;1;2;1;1;1;2;1;1;2;1;1;2;1;2;1;6;1;1;1;1;1;1;2;1;1;1;1;1;1;1;1;2;1;1;2;1;3;2;1;1;1;1;1;1;2;1;1;1;1;1;1"
70,0,15,"1;1;2;1;1;2;2;1;3;1;2;3;2;2;1"
71,0,385,"1;1;1;1;1;1;1;2;1;1;1;1;2;1;1;1;3;1;1;1;1;1;1;1;1;2;1;2;2;1;1;1;1;1;1;1;3;2;1;1;6;1;1;3;2;1;1;1;1;2;3;1;1;1;2;1;2;2;2;3;2;2;4;2;1;2;1;1;3;1;3;3;1;1;1;2;2;1;2;2;2;2;1;1;2;4;7;2;1;2;1;1;1;1;2;2;1;2;1;3;2;1;4;3;1;1;1;2;1;3;1;1;1;3;1;3;1;1;1;4;1;1;1;1;1;2;1;1;1;3;2;3;3;3;4;3;1;5;2;1;1;1;1;2;2;2;4;1;2;1;1;3;3;1;1;1;1;1;1;1;3;2;1;1;3;1;2;1;1;1;1;1;1;2;4;1;2;1;1;1;1;2;2;1;1;1;1;2;4;1;4;1;1;2;1;3;2;2;2;3;2;7;1;1;5;1;3;2;4;2;3;2;1;2;1;1;1;1;1;1;1;1;1;1;1;3;1;1;3;1;1;3;1;1;1;2;1;1;1;2;1;1;2;2;1;1;4;1;4;2;2;1;2;4;2;1;3;1;1;5;1;2;1;3;1;2;1;4;3;1;1;3;4;1;3;1;1;1;1;2;2;1;2;2;1;2;1;1;1;1;2;2;1;1;2;1;1;2;1;1;2;1;2;1;3;2;3;1;4;1;3;2;1;2;1;1;3;2;1;1;1;3;4;1;2;2;1;1;1;1;1;4;3;1;1;3;3;3;1;1;1;2;1;3;1;1;2;1;2;2;2;3;4;2;1;1;1;3;1;1;1;1;1;3;1;2;1;1;1;3;2;1;3;1;1;2;2;1;1;2;2;1;1;1;1"
72,0,302,"1;1;2;3;3;1;4;3;1;1;1;4;2;4;1;1;2;1;1;1;2;4;1;1;1;4;4;1;4;2;2;2;1;2;2;1;1;1;1;1;2;3;3;2;1;1;2;1;3;2;1;2;2;1;1;1;1;1;1;1;1;1;2;1;1;2;1;1;1;1;2;2;2;3;1;1;3;1;1;2;1;2;2;2;1;1;1;5;1;2;2;2;1;1;1;1;2;1;1;1;1;1;2;3;1;2;1;2;2;1;1;2;1;2;1;1;2;2;2;1;3;1;1;1;1;2;2;1;1;3;2;2;1;3;1;2;2;4;1;2;2;1;1;1;1;1;1;3;1;4;1;2;2;3;1;1;1;1;1;2;1;2;1;2;1;2;2;1;3;2;2;1;1;1;1;2;3;1;3;2;2;1;1;1;4;1;1;1;1;1;1;1;2;1;1;3;1;4;1;1;2;1;2;3;1;2;1;1;2;2;3;5;1;2;1;2;4;1;1;3;3;1;1;4;1;1;5;1;2;2;2;1;2;3;2;2;2;3;1;2;2;1;1;2;1;3;2;2;4;1;1;2;1;2;1;2;2;1;2;1;4;2;1;1;2;2;2;2;1;2;1;3;1;4;4;1;3;1;1;2;1;1;1;2;1;1;1;1;1;2;1;2;1;2;1;2;1;1;1;1;1;1"
73,0,88,"1;2;1;1;1;4;2;3;1;1;1;2;1;1;2;2;2;1;3;3;3;3;2;2;1;2;4;1;2;1;1;1;2;4;1;2;1;1;1;2;1;2;3;2;2;1;2;4;1;1;1;2;2;1;2;2;1;1;1;1;3;1;1;1;3;1;1;1;1;1;1;1;2;1;1;2;1;1;1;1;1;1;1;1;3;2;1;1"
74,0,613,"1;1;1;4;1;1;1;3;4;1;2;1;3;1;2;1;1;2;1;1;1;2;1;2;1;2;1;1;1;2;1;3;2;2;1;1;1;2;1;3;1;1;1;1;1;1;1;3;1;3;2;1;1;2;3;2;1;3;1;1;2;1;2;1;1;1;3;2;1;1;1;1;1;2;1;2;1;2;1;2;2;2;1;1;2;1;2;4;1;3;1;2;2;1;1;1;2;1;1;1;1;1;1;2;1;1;2;1;2;1;3;2;1;1;1;1;1;1;1;5;2;1;4;2;1;3;1;1;2;2;1;5;2;1;1;1;3;4;3;1;1;1;3;1;1;2;1;2;1;1;1;2;1;3;2;2;2;1;1;4;1;1;2;2;1;4;1;3;2;2;2;2;1;1;1;1;2;1;1;3;3;2;2;4;1;1;1;2;2;1;2;1;1;2;1;2;1;1;1;2;1;3;2;2;1;1;2;2;1;1;1;1;1;2;1;1;3;2;1;1;2;2;2;1;1;3;1;1;1;1;1;2;1;2;1;2;1;2;1;1;1;2;1;2;1;1;1;1;2;2;1;1;1;2;1;1;1;1;2;1;2;1;1;1;3;2;1;1;1;1;1;1;2;1;1;2;3;1;2;1;3;1;1;1;2;1;1;1;1;5;2;2;1;1;1;1;1;1;1;1;2;2;1;2;2;1;1;2;1;1;1;2;2;3;1;3;1;2;1;2;2;1;2;1;1;3;2;2;1;2;2;1;1;2;1;3;1;2;2;1;1;1;2;1;3;1;3;1;1;2;1;1;2;1;1;2;1;1;3;1;2;1;1;1;1;1;1;1;1;1;1;1;1;4;1;1;3;1;1;1;3;2;4;2;3;3;1;2;4;1;3;1;1;1;4;1;1;1;4;4;1;1;1;1;2;2;3;5;1;1;3;2;1;1;4;2;1;1;1;3;1;1;1;2;3;1;1;1;3;1;1;1;3;1;1;1;1;1;1;2;1;2;1;1;1;2;1;3;3;2;1;3;1;2;1;3;2;1;1;1;3;1;1;3;3;2;1;2;1;2;4;1;1;1;3;1;1;1;1;2;2;1;3;2;2;1;1;1;1;1;1;2;2;3;5;1;2;1;1;1;1;2;1;2;3;1;3;3;1;1;1;1;1;1;3;1;5;3;2;1;2;1;1;1;2;1;2;2;1;2;2;1;3;2;4;1;3;1;2;1;2;1;1;1;1;2;1;2;1;3;2;1;1;1;2;2;2;1;1;2;1;1;1;3;1;2;2;1;1;2;2;2;1;1;1;2;1;1;2;4;1;1;2;1;1;1;1;1;1;3;1;1;3;3;4;1;3;2;1;1;1;1;1;1;1;1;1;1;1;1;2;1;1"
75,0,252,"1;2;1;1;1;3;2;3;1;1;1;1;1;1;2;1;2;1;1;1;1;3;1;1;1;1;1;1;3;2;2;2;1;3;1;1;1;1;2;2;1;1;1;3;2;5;1;1;2;1;1;1;1;1;2;3;2;3;1;2;3;1;1;2;1;3;3;1;3;2;2;3;4;2;1;2;1;1;3;3;2;3;1;2;2;2;1;2;1;2;1;4;2;3;3;1;7;2;3;1;2;1;3;2;1;2;2;2;2;2;2;1;2;1;2;2;2;1;2;2;3;2;7;2;3;2;1;2;4;2;2;1;1;3;2;1;2;2;2;2;3;3;1;7;3;2;1;2;2;2;4;2;3;1;1;1;3;2;1;1;2;1;2;1;1;1;2;1;1;2;1;3;1;3;2;1;1;2;1;2;2;1;1;1;2;3;2;1;2;2;1;1;2;2;1;1;2;1;2;1;1;1;1;3;1;2;2;1;1;3;2;3;1;1;3;1;4;1;2;2;1;1;2;2;6;2;1;4;1;1;2;1;2;3;1;2;1;1;2;1;1;2;3;1;1;1;2;3;3;3;1;1"
76,0,249,"1;1;1;2;2;1;2;1;2;4;1;2;1;1;1;1;1;1;1;1;1;1;1;3;1;1;1;1;3;5;1;1;1;1;1;2;1;2;2;2;3;1;2;2;4;3;1;1;1;1;1;1;1;2;1;2;2;1;1;1;2;1;2;1;2;1;1;5;5;2;2;3;1;1;2;1;1;3;3;3;1;3;3;2;3;1;2;2;1;1;1;1;4;1;1;2;1;2;2;2;2;3;1;1;2;2;1;3;4;2;4;3;1;3;2;4;2;1;2;1;1;3;2;2;3;1;1;2;1;3;1;1;3;2;1;1;1;1;1;1;1;1;2;1;1;1;3;1;1;1;1;1;1;1;1;1;1;2;1;1;2;1;1;1;1;4;1;1;1;1;1;1;1;2;1;1;1;1;1;1;1;2;1;2;1;2;2;6;4;2;1;3;2;1;1;1;3;1;1;1;2;1;1;1;2;1;1;2;1;1;1;3;2;1;3;2;1;5;1;1;1;2;1;1;1;2;1;1;1;3;2;1;1;3;2;2;1;1;3;1;1;1;1;1;1;1;2;3;1"
77,0,576,"3;1;2;1;1;2;4;3;3;2;6;2;1;2;1;1;1;5;2;1;1;3;1;1;2;2;2;1;1;1;2;1;2;2;1;1;1;1;2;2;1;1;3;1;1;1;1;2;1;2;1;1;1;1;2;1;1;3;1;2;1;1;2;2;3;1;1;2;1;1;3;1;2;1;1;3;3;2;2;1;2;1;2;1;1;1;2;1;2;1;1;1;3;4;2;2;1;1;1;1;1;5;1;1;1;1;2;1;1;1;2;3;4;1;5;2;2;1;2;2;2;1;1;1;2;1;1;1;1;1;1;3;3;1;1;2;2;1;2;1;1;2;2;1;1;1;1;1;1;1;1;2;1;3;1;3;2;1;2;3;1;3;2;1;1;1;1;2;1;2;1;1;1;3;2;1;2;1;1;1;1;1;3;1;1;1;1;1;1;1;1;3;2;4;1;2;1;1;2;3;3;1;1;1;3;6;2;1;1;1;1;1;2;1;2;3;2;2;3;1;1;2;2;1;1;2;1;1;4;1;2;1;1;2;5;1;2;4;3;2;3;3;2;1;1;1;2;4;3;2;2;2;3;2;3;2;1;1;1;3;4;1;2;3;2;4;1;2;1;2;2;1;2;1;1;2;2;2;2;2;3;2;1;1;3;4;1;2;1;2;1;1;1;1;1;5;1;2;1;2;2;1;2;1;1;2;1;1;3;2;1;1;1;5;3;3;2;3;1;3;2;1;2;1;2;2;1;1;2;1;1;1;6;1;1;1;1;1;2;1;1;1;1;1;1;1;3;1;1;1;2;1;1;1;1;6;4;2;1;1;3;1;1;1;1;1;1;1;2;1;2;1;1;1;1;1;2;1;2;2;1;1;2;1;1;1;1;2;1;2;1;1;1;1;1;1;1;1;3;1;4;3;1;2;1;2;1;1;1;1;1;1;1;1;1;1;1;3;2;2;2;1;4;3;1;2;1;1;2;2;1;4;1;1;1;2;1;2;2;1;1;1;2;2;2;1;2;1;2;1;1;1;1;3;3;2;2;1;1;1;3;3;1;1;2;1;4;1;1;1;1;3;2;3;2;2;3;2;2;1;1;1;1;1;5;1;1;1;3;1;1;4;3;2;2;3;2;2;3;4;1;1;1;3;5;3;1;1;1;1;1;2;1;1;1;1;1;2;1;3;4;1;2;1;1;1;2;1;1;1;2;1;1;1;1;1;2;1;2;1;2;3;2;2;2;1;1;2;2;1;3;1;1;1;1;2;2;1;2;1;1;1;1;2;1;1;1;1;1;1;1;1;1;1;1;1"
78,0,438,"1;4;2;5;9;2;2;2;2;1;1;2;1;1;4;2;1;1;1;1;1;1;1;1;1;1;1;2;1;1;1;1;1;3;1;3;1;1;2;2;1;2;2;1;2;1;4;1;1;1;2;2;1;2;1;1;2;1;1;1;1;2;3;1;1;1;1;1;2;3;1;2;3;1;1;1;3;1;2;1;1;1;1;1;1;2;4;1;1;1;2;1;2;1;1;1;1;1;1;3;2;1;1;1;2;1;1;1;1;3;1;1;1;2;1;1;2;3;3;1;1;2;1;3;1;1;2;2;2;1;1;3;1;1;2;2;1;2;2;2;4;1;1;1;1;1;3;2;1;1;1;1;2;1;1;2;3;1;1;2;1;1;1;1;1;1;3;1;2;1;1;3;1;2;1;1;1;1;1;1;1;2;2;1;1;1;2;2;2;1;1;1;2;1;3;1;1;1;2;4;1;1;3;2;1;2;1;1;3;3;1;1;2;1;1;1;1;1;3;1;2;1;1;1;1;1;1;1;1;2;1;1;1;1;1;1;1;1;1;2;1;2;1;1;1;1;1;2;1;4;1;1;1;1;4;1;1;1;1;2;1;1;1;1;3;1;2;1;1;1;1;1;1;1;1;1;1;1;1;4;1;1;1;1;1;1;1;1;1;1;2;1;2;1;1;3;1;3;2;1;1;1;2;1;1;1;1;2;3;1;1;1;2;1;1;1;1;1;2;1;3;2;1;1;2;3;1;1;1;2;3;1;2;1;2;1;2;1;2;1;1;1;1;3;1;1;1;2;2;1;1;1;2;1;3;1;2;1;1;1;1;1;1;3;1;3;1;1;1;1;1;1;2;1;1;3;1;1;1;2;1;1;1;1;1;3;1;1;1;2;1;2;1;2;1;1;2;2;1;1;1;1;1;1;2;1;1;3;1;1;3;1;1;1;1;3;1;1;1;2;1;1;2;4;1;2;1;2;1;1;1;1;2;1;1;4;1;1"
79,0,633,"2;1;1;2;2;4;4;2;3;1;1;1;2;4;3;2;4;1;1;2;2;3;1;3;1;1;1;7;1;2;3;1;1;1;2;1;1;4;1;1;3;2;5;1;2;2;1;1;2;3;1;1;1;2;3;1;1;1;2;2;1;2;1;2;3;1;2;1;1;1;2;3;2;3;1;1;1;3;1;1;1;2;1;1;4;2;1;1;1;1;1;3;1;2;2;1;4;2;2;2;1;1;1;2;3;1;2;1;1;1;1;1;4;2;1;2;1;2;1;1;2;2;5;1;1;2;1;2;1;2;1;1;2;1;4;1;4;2;1;1;1;1;1;5;2;2;2;3;1;1;1;1;2;1;4;1;2;2;1;2;1;1;1;2;1;1;3;1;6;1;1;1;1;3;2;2;1;1;1;5;1;1;1;1;2;2;1;2;1;1;1;1;1;1;1;2;3;3;1;1;1;1;1;2;1;1;1;3;1;3;1;1;1;1;2;1;3;1;2;2;1;1;1;1;1;4;3;1;1;4;5;2;2;2;2;3;1;1;1;1;3;1;1;4;1;1;1;1;2;1;1;2;1;1;2;2;1;1;1;1;2;1;1;1;1;2;1;1;2;2;2;1;2;1;1;1;1;2;1;1;1;1;1;1;1;1;1;1;1;2;1;2;2;1;1;1;1;1;1;1;4;2;4;2;1;1;1;1;1;4;2;1;1;1;2;2;1;4;2;1;1;1;1;2;1;1;1;2;1;5;1;1;1;1;1;1;4;1;1;3;1;1;4;3;4;2;1;1;1;2;1;3;1;1;1;3;1;1;1;2;1;1;3;1;2;4;1;2;4;1;2;2;1;4;1;1;1;1;2;1;1;3;1;1;3;2;1;4;3;1;1;1;2;1;3;3;1;1;1;1;1;3;1;1;1;2;1;2;1;1;1;1;2;2;1;1;2;3;1;2;3;1;1;1;1;1;1;3;2;2;1;1;1;1;2;2;1;1;1;1;3;1;1;2;1;1;1;1;1;1;1;2;2;1;2;1;1;2;1;1;1;1;1;1;1;1;1;1;1;2;1;2;1;1;1;2;5;1;1;3;1;2;2;3;1;1;2;2;3;2;1;1;1;2;1;1;1;3;3;1;1;1;2;3;3;1;1;1;2;1;1;1;1;1;2;1;2;3;1;1;1;1;1;1;2;1;4;2;1;1;3;1;2;1;1;2;2;1;1;1;4;1;1;2;1;4;2;1;3;1;1;1;2;1;2;1;1;1;1;1;2;2;4;1;2;2;1;2;1;1;1;1;1;1;2;2;1;1;1;1;1;3;1;1;2;1;1;2;3;1;1;1;1;3;3;1;1;1;1;1;1;1;1;1;2;3;2;1;1;3;1;1;1;1;1;1;1;1;2;5;3;1;1;1;2;1;1;1;1;1;1;3;1"
